"LECA_id";"Site";"Parcelle";"Echantillon";"Repet";"Couples";"1";"2";"3";"4";"5";"6";"7";"8";"9";"10";"11";"12";"13";"14";"15";"16"
"BISE01_a";"Mons";"T1";1;1;"A+";1;34;13;48;3;6;3;1;14;4;0;3;0;0;221;41
"BISE01_b";"Mons";"T1";1;2;"A+";4;34;17;51;3;9;4;0;13;4;0;5;0;0;228;42
"BISE01_c";"Mons";"T1";1;3;"A+";4;36;14;44;2;6;2;0;9;5;0;3;0;0;216;37
"BISE01_d";"Mons";"T1";1;4;"A+";1;31;14;46;1;8;1;0;13;3;0;3;0;0;219;43
"BISE02_a";"Mons";"T1";2;1;"A+";2;36;15;43;3;6;3;0;14;3;0;3;0;0;211;38
"BISE02_b";"Mons";"T1";2;2;"A+";2;41;13;46;3;11;5;0;18;5;0;2;1;0;216;38
"BISE02_c";"Mons";"T1";2;3;"A+";1;38;14;47;2;7;4;0;11;5;0;1;0;0;218;37
"BISE02_d";"Mons";"T1";2;4;"A+";1;34;11;47;5;7;3;0;18;4;0;3;0;0;214;38
"BISE03_a";"Mons";"T1";3;1;"A+";1;32;19;37;3;7;3;0;14;6;0;4;0;0;212;39
"BISE03_b";"Mons";"T1";3;2;"A+";0;25;15;35;2;6;3;1;8;5;0;4;0;0;189;37
"BISE03_c";"Mons";"T1";3;3;"A+";2;23;16;35;1;7;3;0;9;5;0;4;0;0;187;39
"BISE03_d";"Mons";"T1";3;4;"A+";2;27;16;37;2;8;3;0;8;5;0;4;0;0;215;41
"BISE04_a";"Mons";"T1";4;1;"A+";1;25;10;33;1;8;2;0;10;3;0;2;0;0;200;36
"BISE04_b";"Mons";"T1";4;2;"A+";2;38;10;44;2;11;2;0;13;5;0;2;0;0;224;46
"BISE04_c";"Mons";"T1";4;3;"A+";3;25;12;41;3;10;4;0;12;4;0;3;0;0;200;37
"BISE04_d";"Mons";"T1";4;4;"A+";2;31;10;40;1;6;3;0;14;4;0;2;0;0;198;37
"BISE05_a";"Mons";"T2";1;1;"B+";0;30;7;16;2;6;3;0;7;3;0;2;0;0;215;34
"BISE05_b";"Mons";"T2";1;2;"B+";1;36;13;33;1;12;4;0;10;2;0;2;0;0;214;51
"BISE05_c";"Mons";"T2";1;3;"B+";2;39;10;39;2;10;4;0;12;8;0;2;0;0;209;49
"BISE05_d";"Mons";"T2";1;4;"B+";0;29;10;23;3;7;3;0;12;5;0;3;0;0;222;42
"BISE06_a";"Mons";"T2";2;1;"B+";2;40;11;43;3;8;4;0;10;4;0;2;0;0;226;47
"BISE06_b";"Mons";"T2";2;2;"B+";1;54;15;42;4;9;5;0;13;5;0;3;0;0;240;52
"BISE06_c";"Mons";"T2";2;3;"B+";3;47;14;44;3;9;5;1;12;8;0;3;0;0;227;45
"BISE06_d";"Mons";"T2";2;4;"B+";1;45;11;38;3;9;4;1;13;7;0;3;0;0;219;44
"BISE07_a";"Mons";"T2";3;1;"B+";3;45;16;38;2;10;3;0;10;5;0;4;1;0;221;54
"BISE07_b";"Mons";"T2";3;2;"B+";4;34;14;30;3;9;3;0;13;5;0;3;0;0;184;47
"BISE07_c";"Mons";"T2";3;3;"B+";3;45;14;37;3;7;3;0;9;6;0;3;0;0;199;53
"BISE07_d";"Mons";"T2";3;4;"B+";4;46;18;41;3;10;3;0;10;5;0;4;0;0;236;52
"BISE08_a";"Mons";"T2";4;1;"B+";1;43;10;37;3;9;4;0;15;7;0;3;0;0;234;49
"BISE08_b";"Mons";"T2";4;2;"B+";3;39;12;32;3;10;4;0;13;5;0;3;0;0;217;47
"BISE08_c";"Mons";"T2";4;3;"B+";3;42;12;33;2;10;4;0;16;6;0;3;0;0;214;43
"BISE08_d";"Mons";"T2";4;4;"B+";2;37;15;36;3;12;4;0;15;6;0;4;0;0;235;50
"BISE09_a";"Mons";"T3";1;1;"B-";4;36;11;31;1;7;4;1;13;4;0;2;0;0;199;42
"BISE09_b";"Mons";"T3";1;2;"B-";3;38;13;25;2;8;3;0;12;7;0;3;0;0;186;40
"BISE09_c";"Mons";"T3";1;3;"B-";4;35;12;32;3;7;3;0;12;6;0;2;0;0;168;39
"BISE09_d";"Mons";"T3";1;4;"B-";2;38;13;30;3;10;2;0;10;5;0;2;0;0;191;38
"BISE10_a";"Mons";"T3";2;1;"B-";4;44;14;36;3;7;3;0;11;3;0;2;0;0;212;35
"BISE10_b";"Mons";"T3";2;2;"B-";3;42;11;37;5;6;3;0;15;7;0;3;0;0;216;47
"BISE10_c";"Mons";"T3";2;3;"B-";4;38;10;34;3;8;3;0;11;5;0;3;0;0;216;46
"BISE10_d";"Mons";"T3";2;4;"B-";4;39;11;39;2;6;2;1;11;5;0;3;0;0;219;39
"BISE11_a";"Mons";"T3";3;1;"B-";4;36;10;46;3;8;3;0;13;4;0;3;0;0;214;44
"BISE11_b";"Mons";"T3";3;2;"B-";2;43;16;39;3;10;4;0;14;5;1;3;0;0;214;34
"BISE11_c";"Mons";"T3";3;3;"B-";3;33;14;39;2;8;2;0;12;4;0;3;0;0;222;42
"BISE11_d";"Mons";"T3";3;4;"B-";3;32;13;39;1;10;2;0;15;6;0;3;0;0;219;40
"BISE12_a";"Mons";"T3";4;1;"B-";0;45;12;38;2;8;2;0;11;6;0;4;0;0;221;40
"BISE12_b";"Mons";"T3";4;2;"B-";0;45;13;36;2;9;3;0;10;5;0;3;0;0;230;52
"BISE12_c";"Mons";"T3";4;3;"B-";2;49;14;43;2;11;3;0;11;5;0;2;0;0;224;49
"BISE12_d";"Mons";"T3";4;4;"B-";1;37;15;32;2;8;2;0;12;4;0;3;0;0;220;42
"BISE13_a";"Mons";"T4";1;1;"A-";2;29;14;47;4;9;1;0;14;4;0;3;0;0;219;39
"BISE13_b";"Mons";"T4";1;2;"A-";0;30;13;44;4;9;2;0;14;4;0;2;0;0;223;48
"BISE13_c";"Mons";"T4";1;3;"A-";1;37;11;41;2;10;2;0;12;4;0;3;0;0;221;51
"BISE13_d";"Mons";"T4";1;4;"A-";1;29;13;49;5;9;3;0;13;6;0;3;0;0;226;40
"BISE14_a";"Mons";"T4";2;1;"A-";1;34;13;37;2;9;4;0;10;4;0;2;0;0;202;39
"BISE14_b";"Mons";"T4";2;2;"A-";1;35;12;39;3;12;3;0;12;4;0;2;0;0;217;41
"BISE14_c";"Mons";"T4";2;3;"A-";2;30;14;36;2;5;4;0;13;3;0;2;0;0;222;40
"BISE14_d";"Mons";"T4";2;4;"A-";3;31;9;38;1;7;3;0;14;4;0;3;0;0;211;44
"BISE15_a";"Mons";"T4";3;1;"A-";2;34;14;42;2;9;3;0;11;4;0;3;0;0;228;44
"BISE15_b";"Mons";"T4";3;2;"A-";3;37;12;45;3;7;2;0;17;5;0;3;0;0;241;44
"BISE15_c";"Mons";"T4";3;3;"A-";2;37;14;37;3;7;3;0;16;6;0;3;0;0;220;43
"BISE15_d";"Mons";"T4";3;4;"A-";4;34;12;40;2;7;3;1;14;4;0;4;0;0;227;46
"BISE16_a";"Mons";"T4";4;1;"A-";3;22;15;37;2;9;2;0;17;5;0;3;0;0;221;45
"BISE16_b";"Mons";"T4";4;2;"A-";2;28;12;42;3;9;2;0;11;5;0;3;0;0;233;48
"BISE16_c";"Mons";"T4";4;3;"A-";3;29;13;40;1;8;2;0;11;6;0;3;0;0;210;52
"BISE16_d";"Mons";"T4";4;4;"A-";2;38;14;41;2;13;2;0;15;5;0;2;0;0;217;50
"BISE17_a";"Lus";"T1";1;1;"C+";1;32;16;30;2;6;2;0;7;5;0;2;0;0;231;41
"BISE17_b";"Lus";"T1";1;2;"C+";2;26;16;26;0;7;4;0;7;4;0;2;0;0;240;44
"BISE17_c";"Lus";"T1";1;3;"C+";3;24;13;31;0;6;3;0;5;4;0;3;0;0;231;52
"BISE17_d";"Lus";"T1";1;4;"C+";3;26;14;29;1;6;1;0;6;3;0;3;0;0;245;52
"BISE18_a";"Lus";"T1";2;1;"C+";2;36;11;33;1;8;3;0;4;4;0;4;0;0;249;39
"BISE18_b";"Lus";"T1";2;2;"C+";4;28;12;26;2;9;3;0;5;3;0;2;0;0;245;44
"BISE18_c";"Lus";"T1";2;3;"C+";3;31;13;35;1;9;3;0;5;5;0;3;0;0;223;39
"BISE18_d";"Lus";"T1";2;4;"C+";2;32;9;40;1;10;4;1;5;5;0;3;0;0;238;38
"BISE19_a";"Lus";"T1";3;1;"C+";1;41;17;30;1;7;3;0;6;5;0;3;0;1;245;46
"BISE19_b";"Lus";"T1";3;2;"C+";1;34;20;32;1;8;4;0;9;6;0;4;0;1;271;49
"BISE19_c";"Lus";"T1";3;3;"C+";2;36;16;39;1;11;3;1;6;7;0;4;0;1;270;49
"BISE19_d";"Lus";"T1";3;4;"C+";1;38;14;32;2;10;2;0;9;5;0;4;0;1;259;55
"BISE20_a";"Lus";"T1";4;1;"C+";1;35;14;36;1;8;3;0;13;6;0;2;0;0;273;43
"BISE20_b";"Lus";"T1";4;2;"C+";2;34;15;34;3;9;4;0;10;6;0;3;0;0;246;43
"BISE20_c";"Lus";"T1";4;3;"C+";1;34;16;34;1;9;3;0;11;5;0;3;0;0;267;50
"BISE20_d";"Lus";"T1";4;4;"C+";2;33;16;34;2;8;3;0;10;5;0;3;0;0;261;50
"BISE21_a";"Lus";"T2";1;1;"C-";5;51;13;21;1;7;5;0;3;5;0;3;0;0;238;43
"BISE21_b";"Lus";"T2";1;2;"C-";5;45;11;20;2;8;5;0;3;3;0;1;0;0;215;42
"BISE21_c";"Lus";"T2";1;3;"C-";3;32;15;23;1;5;5;1;3;4;1;1;0;0;211;39
"BISE21_d";"Lus";"T2";1;4;"C-";3;51;14;25;4;6;5;0;5;6;0;1;0;0;257;43
"BISE22_a";"Lus";"T2";2;1;"C-";4;44;10;23;2;11;4;0;5;4;0;2;0;0;230;48
"BISE22_b";"Lus";"T2";2;2;"C-";3;44;12;27;2;11;3;0;8;3;0;3;0;0;246;51
"BISE22_c";"Lus";"T2";2;3;"C-";4;44;9;25;2;10;3;0;5;2;0;3;0;0;243;42
"BISE22_d";"Lus";"T2";2;4;"C-";4;42;12;27;1;9;2;0;7;3;0;2;1;0;237;45
"BISE23_a";"Lus";"T2";3;1;"C-";2;37;16;26;0;9;5;0;5;5;0;3;0;0;243;41
"BISE23_b";"Lus";"T2";3;2;"C-";3;39;13;21;1;8;4;0;9;5;0;2;1;0;232;36
"BISE23_c";"Lus";"T2";3;3;"C-";2;39;12;23;2;8;4;0;6;4;0;2;1;0;240;45
"BISE23_d";"Lus";"T2";3;4;"C-";3;43;16;18;2;8;4;0;3;4;0;2;1;0;264;50
"BISE24_a";"Lus";"T2";4;1;"C-";2;50;16;26;1;9;3;0;4;6;0;4;0;0;223;48
"BISE24_b";"Lus";"T2";4;2;"C-";3;48;15;25;4;10;3;0;3;4;0;2;0;0;236;53
"BISE24_c";"Lus";"T2";4;3;"C-";1;33;9;23;2;7;3;2;2;7;0;2;0;0;179;43
"BISE24_d";"Lus";"T2";4;4;"C-";4;49;14;24;3;9;2;0;4;5;1;3;0;0;190;53
"BISE25_a";"Lus";"T3";1;1;"E+";4;38;14;20;1;7;5;0;4;4;0;3;0;0;215;58
"BISE25_b";"Lus";"T3";1;2;"E+";4;40;17;22;1;11;4;0;4;4;0;2;0;0;221;48
"BISE25_c";"Lus";"T3";1;3;"E+";3;36;11;16;1;6;3;0;2;5;0;3;0;0;175;34
"BISE25_d";"Lus";"T3";1;4;"E+";4;41;16;22;3;10;3;0;5;5;0;2;0;0;198;50
"BISE26_a";"Lus";"T3";2;1;"E+";3;41;15;20;0;8;5;0;9;3;1;3;0;0;208;48
"BISE26_b";"Lus";"T3";2;2;"E+";2;39;15;18;0;8;4;0;6;4;1;2;1;0;226;39
"BISE26_c";"Lus";"T3";2;3;"E+";2;38;13;16;1;7;4;0;5;6;0;2;0;0;169;36
"BISE26_d";"Lus";"T3";2;4;"E+";3;33;11;18;0;5;4;0;4;3;0;2;0;0;179;38
"BISE27_a";"Lus";"T3";3;1;"E+";3;46;13;21;0;6;5;0;3;5;0;2;0;0;209;39
"BISE27_b";"Lus";"T3";3;2;"E+";3;54;11;22;0;8;6;0;3;3;0;2;0;0;208;48
"BISE27_c";"Lus";"T3";3;3;"E+";3;48;11;21;1;7;6;0;4;2;0;2;0;0;182;40
"BISE27_d";"Lus";"T3";3;4;"E+";3;46;9;22;1;9;5;0;3;3;1;2;1;0;198;37
"BISE28_a";"Lus";"T3";4;1;"E+";3;47;16;18;1;7;5;0;9;5;1;2;0;0;177;40
"BISE28_b";"Lus";"T3";4;2;"E+";4;47;17;18;2;6;5;0;8;3;0;4;0;0;190;43
"BISE28_c";"Lus";"T3";4;3;"E+";3;38;15;20;1;9;4;0;7;4;0;2;0;0;194;45
"BISE28_d";"Lus";"T3";4;4;"E+";3;45;13;18;3;7;6;0;6;3;0;2;1;0;184;41
"BISE29_a";"Lus";"T4";1;1;"E-";5;36;11;22;3;8;4;1;7;5;0;2;0;0;228;39
"BISE29_b";"Lus";"T4";1;2;"E-";4;46;14;25;3;9;4;0;7;4;0;2;0;0;257;52
"BISE29_c";"Lus";"T4";1;3;"E-";4;42;16;31;2;6;5;0;5;2;0;2;0;0;231;43
"BISE29_d";"Lus";"T4";1;4;"E-";3;44;16;25;3;8;4;1;21;3;1;3;0;0;225;44
"BISE30_a";"Lus";"T4";2;1;"E-";3;45;10;21;0;8;3;0;6;2;1;2;0;0;194;39
"BISE30_b";"Lus";"T4";2;2;"E-";3;41;9;13;1;8;3;0;7;1;0;2;1;0;207;32
"BISE30_c";"Lus";"T4";2;3;"E-";2;31;9;14;2;8;4;0;7;6;0;2;0;0;197;30
"BISE30_d";"Lus";"T4";2;4;"E-";2;37;10;13;1;7;4;0;6;5;0;2;1;0;198;40
"BISE31_a";"Lus";"T4";3;1;"E-";3;35;16;27;1;8;5;0;11;4;0;2;0;0;229;41
"BISE31_b";"Lus";"T4";3;2;"E-";5;39;11;21;4;6;5;0;6;3;0;2;0;0;202;45
"BISE31_c";"Lus";"T4";3;3;"E-";3;39;19;23;2;9;5;0;6;4;1;2;0;0;209;46
"BISE31_d";"Lus";"T4";3;4;"E-";4;44;14;21;2;9;6;0;6;3;0;2;0;0;230;50
"BISE32_a";"Lus";"T4";4;1;"E-";3;43;16;26;2;7;4;1;8;4;0;2;0;0;253;43
"BISE32_b";"Lus";"T4";4;2;"E-";4;39;13;24;4;8;3;0;7;4;0;1;0;0;225;39
"BISE32_c";"Lus";"T4";4;3;"E-";3;41;15;25;3;6;3;0;7;4;0;2;0;0;238;40
"BISE32_d";"Lus";"T4";4;4;"E-";3;52;12;26;1;9;3;0;7;4;0;2;0;0;251;41
"BISE33_a";"Lus";"TL6";1;1;"D+";1;32;11;15;1;7;4;0;3;2;1;2;0;0;199;29
"BISE33_b";"Lus";"TL6";1;2;"D+";2;32;12;23;2;7;2;0;10;5;0;2;0;0;208;40
"BISE33_c";"Lus";"TL6";1;3;"D+";2;36;13;16;2;6;4;1;8;4;0;2;1;0;211;42
"BISE33_d";"Lus";"TL6";1;4;"D+";3;37;17;13;2;8;3;0;9;6;0;2;0;0;199;43
"BISE34_a";"Lus";"TL6";2;1;"D+";2;35;15;22;3;5;4;0;6;4;0;2;0;0;245;46
"BISE34_b";"Lus";"TL6";2;2;"D+";3;30;16;20;1;6;3;0;3;1;1;2;0;0;206;33
"BISE34_c";"Lus";"TL6";2;3;"D+";2;40;15;21;1;8;3;1;5;4;0;2;1;0;227;36
"BISE34_d";"Lus";"TL6";2;4;"D+";3;40;11;22;1;6;4;0;5;4;0;2;1;0;250;45
"BISE35_a";"Lus";"TL6";3;1;"D+";2;40;13;23;1;8;3;0;5;7;0;1;0;0;210;38
"BISE35_b";"Lus";"TL6";3;2;"D+";2;48;12;23;0;7;3;0;5;4;0;1;0;0;240;39
"BISE35_c";"Lus";"TL6";3;3;"D+";3;41;12;26;2;7;3;0;3;4;0;1;0;0;191;42
"BISE35_d";"Lus";"TL6";3;4;"D+";2;37;13;21;1;8;3;0;5;2;0;1;1;0;193;38
"BISE36_a";"Lus";"TL6";4;1;"D+";3;39;14;20;1;8;4;0;4;4;0;2;0;0;195;46
"BISE36_b";"Lus";"TL6";4;2;"D+";2;47;13;23;1;10;5;1;7;6;0;3;0;0;222;43
"BISE36_c";"Lus";"TL6";4;3;"D+";2;40;10;21;1;8;4;0;8;4;0;2;0;0;203;44
"BISE36_d";"Lus";"TL6";4;4;"D+";3;47;16;24;0;11;5;0;6;3;0;2;0;0;209;44
"BISE37_a";"Lus";"TL3";1;1;"D-";2;44;11;24;3;7;3;0;12;6;0;1;0;0;267;47
"BISE37_b";"Lus";"TL3";1;2;"D-";3;50;12;22;2;8;3;0;9;7;1;1;0;0;238;42
"BISE37_c";"Lus";"TL3";1;3;"D-";2;48;15;23;2;9;4;0;9;6;0;1;0;0;236;40
"BISE37_d";"Lus";"TL3";1;4;"D-";3;53;14;21;2;6;4;0;7;5;0;1;0;0;254;39
"BISE38_a";"Lus";"TL3";2;1;"D-";4;63;12;25;2;11;4;0;8;5;0;4;0;0;226;57
"BISE38_b";"Lus";"TL3";2;2;"D-";5;56;12;26;3;11;3;0;8;4;0;1;0;0;244;49
"BISE38_c";"Lus";"TL3";2;3;"D-";5;57;14;28;2;11;4;0;5;6;0;2;0;0;262;51
"BISE38_d";"Lus";"TL3";2;4;"D-";4;54;16;21;4;7;4;0;6;6;0;2;0;0;229;47
"BISE39_a";"Lus";"TL3";3;1;"D-";4;52;14;26;3;8;4;0;9;5;1;2;0;0;220;47
"BISE39_b";"Lus";"TL3";3;2;"D-";3;57;15;27;5;9;4;0;10;4;0;3;0;0;234;52
"BISE39_c";"Lus";"TL3";3;3;"D-";5;53;14;27;4;9;5;0;9;8;0;1;0;0;251;48
"BISE39_d";"Lus";"TL3";3;4;"D-";4;45;12;27;3;7;4;0;9;5;0;3;1;0;230;53
"BISE40_a";"Lus";"TL3";4;1;"D-";6;51;14;25;3;7;3;0;8;2;0;2;0;0;242;47
"BISE40_b";"Lus";"TL3";4;2;"D-";5;56;13;21;2;10;4;0;14;5;0;4;0;0;248;55
"BISE40_c";"Lus";"TL3";4;3;"D-";3;53;17;21;3;11;4;1;11;5;0;1;1;0;242;53
"BISE40_d";"Lus";"TL3";4;4;"D-";4;52;12;21;3;10;5;0;7;5;0;2;0;1;243;51
"BISE41_a";"ThLaq";"Th11";1;1;"G-";3;40;13;30;3;14;3;0;9;6;0;2;0;0;192;63
"BISE41_b";"ThLaq";"Th11";1;2;"G-";4;51;17;35;4;15;5;0;9;10;0;3;0;0;217;76
"BISE41_c";"ThLaq";"Th11";1;3;"G-";3;42;14;35;4;12;3;0;10;9;0;3;1;0;173;67
"BISE41_d";"ThLaq";"Th11";1;4;"G-";5;51;17;34;4;12;2;0;7;7;0;3;0;0;188;71
"BISE42_a";"ThLaq";"Th11";2;1;"G-";1;57;14;27;4;15;3;1;8;5;0;3;0;0;238;82
"BISE42_b";"ThLaq";"Th11";2;2;"G-";1;50;11;28;5;12;3;0;11;4;0;3;0;0;182;61
"BISE42_c";"ThLaq";"Th11";2;3;"G-";3;54;13;29;5;17;3;1;9;7;0;3;0;0;204;78
"BISE42_d";"ThLaq";"Th11";2;4;"G-";2;54;11;31;3;14;4;0;14;7;0;3;1;0;202;72
"BISE43_a";"ThLaq";"Th11";3;1;"G-";4;80;18;32;5;17;6;0;13;7;1;4;1;0;248;95
"BISE43_b";"ThLaq";"Th11";3;2;"G-";2;64;15;29;5;16;6;0;9;7;2;4;1;0;219;78
"BISE43_c";"ThLaq";"Th11";3;3;"G-";3;71;13;25;4;16;6;0;9;6;1;3;1;0;232;84
"BISE43_d";"ThLaq";"Th11";3;4;"G-";3;73;21;29;4;17;6;0;12;9;1;5;0;0;264;98
"BISE44_a";"ThLaq";"Th11";4;1;"G-";5;45;14;29;4;13;4;0;8;7;1;3;2;0;209;84
"BISE44_b";"ThLaq";"Th11";4;2;"G-";3;38;11;25;3;11;4;1;8;8;0;3;1;0;148;71
"BISE44_c";"ThLaq";"Th11";4;3;"G-";4;40;12;26;4;11;3;1;10;6;0;2;0;0;174;76
"BISE44_d";"ThLaq";"Th11";4;4;"G-";4;43;10;23;4;12;4;0;8;7;0;2;1;0;168;77
"BISE45_a";"ThLaq";"Th13";1;1;"G+";2;54;10;24;4;14;4;0;6;8;0;3;1;0;216;73
"BISE45_b";"ThLaq";"Th13";1;2;"G+";1;39;8;22;4;10;3;0;5;6;1;3;0;0;190;64
"BISE45_c";"ThLaq";"Th13";1;3;"G+";1;44;12;18;4;15;3;1;5;6;0;4;0;0;182;61
"BISE45_d";"ThLaq";"Th13";1;4;"G+";1;51;15;21;4;17;5;0;8;8;0;4;1;0;239;70
"BISE46_a";"ThLaq";"Th13";2;1;"G+";4;67;17;24;1;11;5;0;12;8;0;3;1;0;209;70
"BISE46_b";"ThLaq";"Th13";2;2;"G+";5;53;10;22;2;11;5;0;13;7;0;3;1;0;169;69
"BISE46_c";"ThLaq";"Th13";2;3;"G+";4;56;13;20;0;11;5;0;8;8;0;2;1;0;182;66
"BISE46_d";"ThLaq";"Th13";2;4;"G+";4;59;16;26;3;12;5;0;10;8;0;4;1;0;202;72
"BISE47_a";"ThLaq";"Th13";3;1;"G+";1;36;11;25;2;14;4;0;6;3;0;2;2;0;174;60
"BISE47_b";"ThLaq";"Th13";3;2;"G+";3;57;16;28;3;16;3;0;8;7;0;4;2;0;205;76
"BISE47_c";"ThLaq";"Th13";3;3;"G+";2;52;10;34;2;13;3;1;9;6;0;3;2;0;164;72
"BISE47_d";"ThLaq";"Th13";3;4;"G+";3;50;13;27;3;15;4;1;5;7;0;3;2;0;174;69
"BISE48_a";"ThLaq";"Th13";4;1;"G+";4;44;10;28;3;16;5;0;10;7;0;4;1;0;168;72
"BISE48_b";"ThLaq";"Th13";4;2;"G+";4;46;12;28;4;14;4;0;11;8;0;3;1;0;188;83
"BISE48_c";"ThLaq";"Th13";4;3;"G+";3;43;11;25;3;15;5;0;7;7;0;4;0;0;118;78
"BISE48_d";"ThLaq";"Th13";4;4;"G+";2;42;12;26;4;16;6;0;9;8;0;2;1;0;134;76
"BISE49_a";"ThLaq";"Th18";1;1;"F-";5;53;9;35;5;12;4;0;9;7;1;5;1;0;181;83
"BISE49_b";"ThLaq";"Th18";1;2;"F-";6;61;9;31;5;17;6;0;9;7;2;4;1;0;174;81
"BISE49_c";"ThLaq";"Th18";1;3;"F-";5;56;13;32;4;15;5;0;9;10;2;4;1;0;180;72
"BISE49_d";"ThLaq";"Th18";1;4;"F-";4;51;12;28;5;12;5;0;13;6;2;4;1;0;184;74
"BISE50_a";"ThLaq";"Th18";2;1;"F-";3;50;5;26;5;13;3;1;9;6;0;2;0;0;140;62
"BISE50_b";"ThLaq";"Th18";2;2;"F-";3;42;6;30;3;11;4;1;12;7;0;3;2;0;189;61
"BISE50_c";"ThLaq";"Th18";2;3;"F-";4;48;7;28;4;12;4;0;9;9;0;2;0;0;194;68
"BISE50_d";"ThLaq";"Th18";2;4;"F-";3;45;9;26;4;11;5;0;9;7;0;3;0;0;158;59
"BISE51_a";"ThLaq";"Th18";3;1;"F-";6;61;14;29;4;11;5;1;14;10;1;4;1;0;218;82
"BISE51_b";"ThLaq";"Th18";3;2;"F-";4;53;12;27;4;16;4;1;12;6;0;3;1;0;168;77
"BISE51_c";"ThLaq";"Th18";3;3;"F-";6;58;12;25;5;13;4;2;10;9;1;3;1;0;190;77
"BISE51_d";"ThLaq";"Th18";3;4;"F-";7;63;15;29;3;12;6;1;14;9;0;4;1;0;190;76
"BISE52_a";"ThLaq";"Th18";4;1;"F-";5;60;11;26;3;15;5;1;9;7;1;3;2;0;201;85
"BISE52_b";"ThLaq";"Th18";4;2;"F-";5;71;13;25;4;15;5;1;9;7;2;2;2;0;208;90
"BISE52_c";"ThLaq";"Th18";4;3;"F-";5;62;13;32;5;13;5;1;12;9;1;4;1;0;205;84
"BISE52_d";"ThLaq";"Th18";4;4;"F-";6;57;12;25;3;14;3;0;13;7;1;3;2;0;198;85
"BISE53_a";"ThLaq";"Th20";1;1;"F+";3;48;13;26;3;10;6;0;6;5;1;3;1;0;204;66
"BISE53_b";"ThLaq";"Th20";1;2;"F+";3;38;10;21;3;12;6;0;6;6;1;2;2;0;186;56
"BISE53_c";"ThLaq";"Th20";1;3;"F+";4;41;6;20;2;11;3;0;7;5;1;2;1;0;186;55
"BISE53_d";"ThLaq";"Th20";1;4;"F+";4;42;16;19;2;12;6;0;7;7;1;2;2;0;229;71
"BISE54_a";"ThLaq";"Th20";2;1;"F+";4;40;15;20;2;12;4;0;7;6;1;2;2;0;183;72
"BISE54_b";"ThLaq";"Th20";2;2;"F+";5;50;11;22;2;10;5;0;10;6;0;4;2;0;200;76
"BISE54_c";"ThLaq";"Th20";2;3;"F+";5;63;16;26;4;14;4;1;10;8;1;5;2;0;179;78
"BISE54_d";"ThLaq";"Th20";2;4;"F+";4;41;13;21;2;12;5;1;7;6;1;2;2;0;195;67
"BISE55_a";"ThLaq";"Th20";3;1;"F+";3;32;10;23;2;11;5;0;7;5;0;2;2;0;180;52
"BISE55_b";"ThLaq";"Th20";3;2;"F+";4;45;15;29;3;12;5;0;10;7;0;3;1;0;218;74
"BISE55_c";"ThLaq";"Th20";3;3;"F+";4;35;9;25;2;12;5;0;7;7;0;2;2;0;165;60
"BISE55_d";"ThLaq";"Th20";3;4;"F+";4;40;12;22;3;12;4;1;8;6;0;2;2;0;181;64
"BISE56_a";"ThLaq";"Th20";4;1;"F+";4;51;14;31;3;13;5;1;12;6;0;4;2;0;217;73
"BISE56_b";"ThLaq";"Th20";4;2;"F+";2;36;6;26;3;10;4;0;10;5;1;3;2;0;158;58
"BISE56_c";"ThLaq";"Th20";4;3;"F+";3;44;10;30;3;12;5;0;10;5;0;4;2;0;172;63
"BISE56_d";"ThLaq";"Th20";4;4;"F+";4;50;10;26;4;14;5;0;10;6;0;4;2;0;197;77
"BISE57_a";"ThLaq";"Int";1;1;"H+";3;36;16;18;1;13;4;0;6;6;0;2;0;0;134;74
"BISE57_b";"ThLaq";"Int";1;2;"H+";3;31;14;12;0;14;4;0;3;6;0;2;0;0;120;67
"BISE57_c";"ThLaq";"Int";1;3;"H+";2;34;13;14;1;12;4;0;6;6;0;2;0;0;127;69
"BISE57_d";"ThLaq";"Int";1;4;"H+";2;38;15;13;1;13;4;0;7;6;0;3;0;0;127;70
"BISE58_a";"ThLaq";"Int";2;1;"H+";3;48;13;23;1;15;5;1;9;6;0;2;0;0;174;67
"BISE58_b";"ThLaq";"Int";2;2;"H+";2;35;10;22;1;9;5;0;6;5;0;2;0;0;128;61
"BISE58_c";"ThLaq";"Int";2;3;"H+";2;41;13;19;1;13;3;1;6;7;0;2;0;0;142;64
"BISE58_d";"ThLaq";"Int";2;4;"H+";3;43;12;25;1;14;5;0;8;5;0;3;0;0;149;64
"BISE59_a";"ThLaq";"Int";3;1;"H+";2;47;14;22;1;13;3;0;14;7;0;3;0;0;123;73
"BISE59_b";"ThLaq";"Int";3;2;"H+";2;34;12;14;1;11;2;0;12;6;0;1;0;0;108;48
"BISE59_c";"ThLaq";"Int";3;3;"H+";2;42;8;22;1;13;3;0;11;5;0;3;0;0;102;60
"BISE59_d";"ThLaq";"Int";3;4;"H+";3;47;12;20;1;12;3;0;11;8;0;3;0;0;126;59
"BISE60_a";"ThLaq";"Int";4;1;"H+";3;44;16;21;1;13;6;0;12;10;0;4;0;0;159;78
"BISE60_b";"ThLaq";"Int";4;2;"H+";1;28;14;13;1;13;6;0;11;4;0;2;0;0;151;58
"BISE60_c";"ThLaq";"Int";4;3;"H+";4;40;14;23;1;13;7;0;10;7;0;1;0;0;139;64
"BISE60_d";"ThLaq";"Int";4;4;"H+";2;40;13;21;1;14;6;0;13;7;1;1;0;0;157;74
"BISE61_a";"ThLaq";"Ext";1;1;"H-";4;49;11;24;1;16;2;0;7;6;0;3;1;0;143;74
"BISE61_b";"ThLaq";"Ext";1;2;"H-";4;41;13;26;1;17;2;0;14;6;1;3;0;0;169;74
"BISE61_c";"ThLaq";"Ext";1;3;"H-";3;54;15;32;1;16;5;0;12;7;0;4;0;0;152;85
"BISE61_d";"ThLaq";"Ext";1;4;"H-";3;39;13;22;1;15;3;0;8;6;0;4;0;0;157;75
"BISE62_a";"ThLaq";"Ext";2;1;"H-";2;52;15;22;2;14;4;0;9;7;1;3;1;0;129;72
"BISE62_b";"ThLaq";"Ext";2;2;"H-";3;52;14;25;2;15;3;1;8;6;0;3;0;0;142;79
"BISE62_c";"ThLaq";"Ext";2;3;"H-";3;59;16;27;2;17;5;0;12;8;0;3;0;0;145;86
"BISE62_d";"ThLaq";"Ext";2;4;"H-";2;49;15;27;2;13;4;0;12;6;0;3;0;0;131;76
"BISE63_a";"ThLaq";"Ext";3;1;"H-";5;64;15;25;1;16;4;1;8;8;1;3;0;0;170;74
"BISE63_b";"ThLaq";"Ext";3;2;"H-";3;38;12;18;0;15;2;0;6;6;0;3;1;0;135;58
"BISE63_c";"ThLaq";"Ext";3;3;"H-";3;39;8;25;0;13;4;1;9;7;0;2;0;0;126;63
"BISE63_d";"ThLaq";"Ext";3;4;"H-";3;49;13;24;2;15;5;2;11;6;0;3;1;0;158;71
"BISE64_a";"ThLaq";"Ext";4;1;"H-";3;66;18;24;1;16;4;0;8;9;1;4;0;0;170;86
"BISE64_b";"ThLaq";"Ext";4;2;"H-";3;64;14;18;1;13;4;1;6;9;1;4;0;0;130;68
"BISE64_c";"ThLaq";"Ext";4;3;"H-";3;61;14;22;1;17;4;0;7;7;1;3;0;0;137;78
"BISE64_d";"ThLaq";"Ext";4;4;"H-";3;68;14;20;1;16;4;1;8;7;1;3;0;0;157;79
