"";"resource_TG";"consumer_TG";"interaction_type";"scientificName_consumer";"key_consumer";"scientificName_resource";"key_resource";"cooccur"
"1";"bact_sapro";"bacterivore";"eats";"Glissomonadida";"9774063";"Acetobacteraceae";"4728";1
"2";"bact_sapro";"bacterivore";"eats";"Glissomonadida";"9774063";"Acidothermaceae";"8071";1
"3";"bact_sapro";"bacterivore";"eats";"Glissomonadida";"9774063";"Actinospicaceae";"4902454";1
"4";"bact_sapro";"bacterivore";"eats";"Glissomonadida";"9774063";"Acidimicrobiaceae";"3848";1
"5";"bact_sapro";"bacterivore";"eats";"Glissomonadida";"9774063";"Acidobacteriaceae";"3811";1
"6";"bact_sapro";"bacterivore";"eats";"Glissomonadida";"9774063";"JG30-KF-CM45";"3_04";1
"7";"bact_sapro";"bacterivore";"eats";"Glissomonadida";"9774063";"Aquaspirillaceae";"362_01";1
"8";"bact_sapro";"bacterivore";"eats";"Glissomonadida";"9774063";"Ktedonobacteraceae";"4899883";1
"9";"bact_sapro";"bacterivore";"eats";"Glissomonadida";"9774063";"Archangiaceae";"4306455";1
"10";"bact_sapro";"bacterivore";"eats";"Glissomonadida";"9774063";"0319-6G20";"3_01";1
"11";"bact_sapro";"bacterivore";"eats";"Glissomonadida";"9774063";"67-14";"3_02";1
"12";"bact_sapro";"bacterivore";"eats";"Glissomonadida";"9774063";"Beijerinckiaceae";"7813";1
"13";"bact_sapro";"bacterivore";"eats";"Glissomonadida";"9774063";"Burkholderiaceae";"5438";1
"14";"bact_sapro";"bacterivore";"eats";"Glissomonadida";"9774063";"Catenulisporaceae";"3830";1
"15";"bact_sapro";"bacterivore";"eats";"Glissomonadida";"9774063";"Caulobacteraceae";"4723";1
"16";"bact_sapro";"bacterivore";"eats";"Glissomonadida";"9774063";"Micromonosporaceae";"3838";1
"17";"bact_sapro";"bacterivore";"eats";"Glissomonadida";"9774063";"Isosphaeraceae";"9596100";1
"18";"bact_sapro";"bacterivore";"eats";"Glissomonadida";"9774063";"Alicyclobacillaceae";"4704";1
"19";"bact_sapro";"bacterivore";"eats";"Glissomonadida";"9774063";"Mitochondria";"3_09";1
"20";"bact_sapro";"bacterivore";"eats";"Glissomonadida";"9774063";"Chitinophagaceae";"4903787";1
"21";"bact_sapro";"bacterivore";"eats";"Glissomonadida";"9774063";"Chthoniobacteraceae";"9890342";1
"22";"bact_sapro";"bacterivore";"eats";"Glissomonadida";"9774063";"Chthonomonadaceae";"7481228";1
"23";"bact_sapro";"bacterivore";"eats";"Glissomonadida";"9774063";"Babeliaceae";"3_08";1
"24";"bact_sapro";"bacterivore";"eats";"Glissomonadida";"9774063";"Bacillaceae";"8113";1
"25";"bact_sapro";"bacterivore";"eats";"Glissomonadida";"9774063";"Cyclobacteriaceae";"4903801";1
"26";"bact_sapro";"bacterivore";"eats";"Glissomonadida";"9774063";"Cytophagaceae";"3237749";1
"27";"bact_sapro";"bacterivore";"eats";"Glissomonadida";"9774063";"Devosiaceae";"1221_01";1
"28";"bact_sapro";"bacterivore";"eats";"Glissomonadida";"9774063";"Diplorickettsiaceae";"362_02";1
"29";"bact_sapro";"bacterivore";"eats";"Glissomonadida";"9774063";"Nostocaceae";"2884";1
"30";"bact_sapro";"bacterivore";"eats";"Glissomonadida";"9774063";"Entotheonellaceae";"338_01";1
"31";"bact_sapro";"bacterivore";"eats";"Glissomonadida";"9774063";"Oligoflexaceae";"9497819";1
"32";"bact_sapro";"bacterivore";"eats";"Glissomonadida";"9774063";"Opitutaceae";"5613";1
"33";"bact_sapro";"bacterivore";"eats";"Glissomonadida";"9774063";"Gemmataceae";"9852813";1
"34";"bact_sapro";"bacterivore";"eats";"Glissomonadida";"9774063";"Gemmatimonadaceae";"4721";1
"35";"bact_sapro";"bacterivore";"eats";"Glissomonadida";"9774063";"Geodermatophilaceae";"3833";1
"36";"bact_sapro";"bacterivore";"eats";"Glissomonadida";"9774063";"Neisseriaceae";"5440";1
"37";"bact_sapro";"bacterivore";"eats";"Glissomonadida";"9774063";"Paenibacillaceae";"4706";1
"38";"bact_sapro";"bacterivore";"eats";"Glissomonadida";"9774063";"Paracaedibacteraceae";"197_02";1
"39";"bact_sapro";"bacterivore";"eats";"Glissomonadida";"9774063";"Haliangiaceae";"8942";1
"40";"bact_sapro";"bacterivore";"eats";"Glissomonadida";"9774063";"Heliobacteriaceae";"4714";1
"41";"bact_sapro";"bacterivore";"eats";"Glissomonadida";"9774063";"Hyphomicrobiaceae";"7815";1
"42";"bact_sapro";"bacterivore";"eats";"Glissomonadida";"9774063";"Inquilinaceae";"197_01";1
"43";"bact_sapro";"bacterivore";"eats";"Glissomonadida";"9774063";"Intrasporangiaceae";"3834";1
"44";"bact_sapro";"bacterivore";"eats";"Glissomonadida";"9774063";"Pseudonocardiaceae";"3841";1
"45";"bact_sapro";"bacterivore";"eats";"Glissomonadida";"9774063";"JG30-KF-AS9";"3_03";1
"46";"bact_sapro";"bacterivore";"eats";"Glissomonadida";"9774063";"Vermiphilaceae";"3_10";1
"47";"bact_sapro";"bacterivore";"eats";"Glissomonadida";"9774063";"Koribacteraceae";"1197_01";1
"48";"bact_sapro";"bacterivore";"eats";"Glissomonadida";"9774063";"Rhizobiaceae";"7818";1
"49";"bact_sapro";"bacterivore";"eats";"Glissomonadida";"9774063";"Rhodanobacteraceae";"9585732";1
"50";"bact_sapro";"bacterivore";"eats";"Glissomonadida";"9774063";"Legionellaceae";"5155";1
"51";"bact_sapro";"bacterivore";"eats";"Glissomonadida";"9774063";"Rhodospirillaceae";"4730";1
"52";"bact_sapro";"bacterivore";"eats";"Glissomonadida";"9774063";"Magnetospirillaceae";"1223_01";1
"53";"bact_sapro";"bacterivore";"eats";"Glissomonadida";"9774063";"Microbacteriaceae";"3837";1
"54";"bact_sapro";"bacterivore";"eats";"Glissomonadida";"9774063";"SC-I-84";"3_07";1
"55";"bact_sapro";"bacterivore";"eats";"Glissomonadida";"9774063";"Micrococcaceae";"3836";1
"56";"bact_sapro";"bacterivore";"eats";"Glissomonadida";"9774063";"Solibacteraceae";"25_01";1
"57";"bact_sapro";"bacterivore";"eats";"Glissomonadida";"9774063";"Micropepsaceae";"10393148";1
"58";"bact_sapro";"bacterivore";"eats";"Glissomonadida";"9774063";"Microscillaceae";"10240690";1
"59";"bact_sapro";"bacterivore";"eats";"Glissomonadida";"9774063";"Pyrinomonadaceae";"9346095";1
"60";"bact_sapro";"bacterivore";"eats";"Glissomonadida";"9774063";"Moraxellaceae";"9537";1
"61";"bact_sapro";"bacterivore";"eats";"Glissomonadida";"9774063";"Sphingomonadaceae";"8926";1
"62";"bact_sapro";"bacterivore";"eats";"Glissomonadida";"9774063";"Mycobacteriaceae";"8084";1
"63";"bact_sapro";"bacterivore";"eats";"Glissomonadida";"9774063";"Streptomycetaceae";"8091";1
"64";"bact_sapro";"bacterivore";"eats";"Glissomonadida";"9774063";"Nitrosomonadaceae";"5441";1
"65";"bact_sapro";"bacterivore";"eats";"Glissomonadida";"9774063";"Nitrososphaeraceae";"9331787";1
"66";"bact_sapro";"bacterivore";"eats";"Glissomonadida";"9774063";"Nitrosotaleaceae";"2_01";1
"67";"bact_sapro";"bacterivore";"eats";"Glissomonadida";"9774063";"Nitrospiraceae";"4722";1
"68";"bact_sapro";"bacterivore";"eats";"Glissomonadida";"9774063";"Nocardioidaceae";"8087";1
"69";"bact_sapro";"bacterivore";"eats";"Glissomonadida";"9774063";"Schlesneriaceae";"8245257";1
"70";"bact_sapro";"bacterivore";"eats";"Glissomonadida";"9774063";"Polyangiaceae";"4876";1
"71";"bact_sapro";"bacterivore";"eats";"Glissomonadida";"9774063";"Solirubrobacteraceae";"4893819";1
"72";"bact_sapro";"bacterivore";"eats";"Glissomonadida";"9774063";"Gimesiaceae";"1218_01";1
"73";"bact_sapro";"bacterivore";"eats";"Glissomonadida";"9774063";"OPS17";"3_05";1
"74";"bact_sapro";"bacterivore";"eats";"Glissomonadida";"9774063";"Xanthobacteraceae";"4891652";1
"75";"bact_sapro";"bacterivore";"eats";"Glissomonadida";"9774063";"Xiphinematobacteraceae";"9546";1
"76";"bact_sapro";"bacterivore";"eats";"Glissomonadida";"9774063";"Pirellulaceae";"306_01";1
"77";"bact_sapro";"bacterivore";"eats";"Glissomonadida";"9774063";"Rhodomicrobiaceae";"1221";1
"78";"bact_sapro";"bacterivore";"eats";"Glissomonadida";"9774063";"P3OB-42";"3_06";1
"79";"bact_sapro";"bacterivore";"eats";"Glissomonadida";"9774063";"Rickettsiaceae";"4647";1
"80";"bact_sapro";"bacterivore";"eats";"Glissomonadida";"9774063";"Thermoactinomycetaceae";"7792";1
"81";"bact_sapro";"bacterivore";"eats";"Glissomonadida";"9774063";"Planococcaceae";"4707";1
"82";"bact_sapro";"bacterivore";"eats";"Glissomonadida";"9774063";"Thermomonosporaceae";"3845";1
"83";"bact_sapro";"bacterivore";"eats";"Glissomonadida";"9774063";"Reyranellaceae";"197_03";1
"84";"bact_sapro";"bacterivore";"eats";"Glissomonadida";"9774063";"Sphingobacteriaceae";"8103";1
"85";"bact_sapro";"bacterivore";"eats";"Glissomonadida";"9774063";"Spirosomaceae";"4893582";1
"86";"bact_sapro";"bacterivore";"eats";"Glissomonadida";"9774063";"Thermoanaerobaculaceae";"25_02";1
"87";"bact_sapro";"bacterivore";"eats";"Cercozoa_MA";"38_01";"Acetobacteraceae";"4728";1
"88";"bact_sapro";"bacterivore";"eats";"Cercozoa_MA";"38_01";"Acidothermaceae";"8071";1
"89";"bact_sapro";"bacterivore";"eats";"Cercozoa_MA";"38_01";"Actinospicaceae";"4902454";1
"90";"bact_sapro";"bacterivore";"eats";"Cercozoa_MA";"38_01";"Acidimicrobiaceae";"3848";1
"91";"bact_sapro";"bacterivore";"eats";"Cercozoa_MA";"38_01";"Acidobacteriaceae";"3811";1
"92";"bact_sapro";"bacterivore";"eats";"Cercozoa_MA";"38_01";"JG30-KF-CM45";"3_04";1
"93";"bact_sapro";"bacterivore";"eats";"Cercozoa_MA";"38_01";"Aquaspirillaceae";"362_01";1
"94";"bact_sapro";"bacterivore";"eats";"Cercozoa_MA";"38_01";"Ktedonobacteraceae";"4899883";1
"95";"bact_sapro";"bacterivore";"eats";"Cercozoa_MA";"38_01";"Archangiaceae";"4306455";1
"96";"bact_sapro";"bacterivore";"eats";"Cercozoa_MA";"38_01";"0319-6G20";"3_01";1
"97";"bact_sapro";"bacterivore";"eats";"Cercozoa_MA";"38_01";"67-14";"3_02";1
"98";"bact_sapro";"bacterivore";"eats";"Cercozoa_MA";"38_01";"Beijerinckiaceae";"7813";1
"99";"bact_sapro";"bacterivore";"eats";"Cercozoa_MA";"38_01";"Burkholderiaceae";"5438";1
"100";"bact_sapro";"bacterivore";"eats";"Cercozoa_MA";"38_01";"Catenulisporaceae";"3830";1
"101";"bact_sapro";"bacterivore";"eats";"Cercozoa_MA";"38_01";"Caulobacteraceae";"4723";1
"102";"bact_sapro";"bacterivore";"eats";"Cercozoa_MA";"38_01";"Micromonosporaceae";"3838";1
"103";"bact_sapro";"bacterivore";"eats";"Cercozoa_MA";"38_01";"Isosphaeraceae";"9596100";1
"104";"bact_sapro";"bacterivore";"eats";"Cercozoa_MA";"38_01";"Alicyclobacillaceae";"4704";1
"105";"bact_sapro";"bacterivore";"eats";"Cercozoa_MA";"38_01";"Mitochondria";"3_09";1
"106";"bact_sapro";"bacterivore";"eats";"Cercozoa_MA";"38_01";"Chitinophagaceae";"4903787";1
"107";"bact_sapro";"bacterivore";"eats";"Cercozoa_MA";"38_01";"Chthoniobacteraceae";"9890342";1
"108";"bact_sapro";"bacterivore";"eats";"Cercozoa_MA";"38_01";"Chthonomonadaceae";"7481228";1
"109";"bact_sapro";"bacterivore";"eats";"Cercozoa_MA";"38_01";"Babeliaceae";"3_08";1
"110";"bact_sapro";"bacterivore";"eats";"Cercozoa_MA";"38_01";"Bacillaceae";"8113";1
"111";"bact_sapro";"bacterivore";"eats";"Cercozoa_MA";"38_01";"Cyclobacteriaceae";"4903801";1
"112";"bact_sapro";"bacterivore";"eats";"Cercozoa_MA";"38_01";"Cytophagaceae";"3237749";1
"113";"bact_sapro";"bacterivore";"eats";"Cercozoa_MA";"38_01";"Devosiaceae";"1221_01";1
"114";"bact_sapro";"bacterivore";"eats";"Cercozoa_MA";"38_01";"Diplorickettsiaceae";"362_02";1
"115";"bact_sapro";"bacterivore";"eats";"Cercozoa_MA";"38_01";"Nostocaceae";"2884";1
"116";"bact_sapro";"bacterivore";"eats";"Cercozoa_MA";"38_01";"Entotheonellaceae";"338_01";1
"117";"bact_sapro";"bacterivore";"eats";"Cercozoa_MA";"38_01";"Oligoflexaceae";"9497819";1
"118";"bact_sapro";"bacterivore";"eats";"Cercozoa_MA";"38_01";"Opitutaceae";"5613";1
"119";"bact_sapro";"bacterivore";"eats";"Cercozoa_MA";"38_01";"Gemmataceae";"9852813";1
"120";"bact_sapro";"bacterivore";"eats";"Cercozoa_MA";"38_01";"Gemmatimonadaceae";"4721";1
"121";"bact_sapro";"bacterivore";"eats";"Cercozoa_MA";"38_01";"Geodermatophilaceae";"3833";1
"122";"bact_sapro";"bacterivore";"eats";"Cercozoa_MA";"38_01";"Neisseriaceae";"5440";1
"123";"bact_sapro";"bacterivore";"eats";"Cercozoa_MA";"38_01";"Paenibacillaceae";"4706";1
"124";"bact_sapro";"bacterivore";"eats";"Cercozoa_MA";"38_01";"Paracaedibacteraceae";"197_02";1
"125";"bact_sapro";"bacterivore";"eats";"Cercozoa_MA";"38_01";"Haliangiaceae";"8942";1
"126";"bact_sapro";"bacterivore";"eats";"Cercozoa_MA";"38_01";"Heliobacteriaceae";"4714";1
"127";"bact_sapro";"bacterivore";"eats";"Cercozoa_MA";"38_01";"Hyphomicrobiaceae";"7815";1
"128";"bact_sapro";"bacterivore";"eats";"Cercozoa_MA";"38_01";"Inquilinaceae";"197_01";1
"129";"bact_sapro";"bacterivore";"eats";"Cercozoa_MA";"38_01";"Intrasporangiaceae";"3834";1
"130";"bact_sapro";"bacterivore";"eats";"Cercozoa_MA";"38_01";"Pseudonocardiaceae";"3841";1
"131";"bact_sapro";"bacterivore";"eats";"Cercozoa_MA";"38_01";"JG30-KF-AS9";"3_03";1
"132";"bact_sapro";"bacterivore";"eats";"Cercozoa_MA";"38_01";"Vermiphilaceae";"3_10";1
"133";"bact_sapro";"bacterivore";"eats";"Cercozoa_MA";"38_01";"Koribacteraceae";"1197_01";1
"134";"bact_sapro";"bacterivore";"eats";"Cercozoa_MA";"38_01";"Rhizobiaceae";"7818";1
"135";"bact_sapro";"bacterivore";"eats";"Cercozoa_MA";"38_01";"Rhodanobacteraceae";"9585732";1
"136";"bact_sapro";"bacterivore";"eats";"Cercozoa_MA";"38_01";"Legionellaceae";"5155";1
"137";"bact_sapro";"bacterivore";"eats";"Cercozoa_MA";"38_01";"Rhodospirillaceae";"4730";1
"138";"bact_sapro";"bacterivore";"eats";"Cercozoa_MA";"38_01";"Magnetospirillaceae";"1223_01";1
"139";"bact_sapro";"bacterivore";"eats";"Cercozoa_MA";"38_01";"Microbacteriaceae";"3837";1
"140";"bact_sapro";"bacterivore";"eats";"Cercozoa_MA";"38_01";"SC-I-84";"3_07";1
"141";"bact_sapro";"bacterivore";"eats";"Cercozoa_MA";"38_01";"Micrococcaceae";"3836";1
"142";"bact_sapro";"bacterivore";"eats";"Cercozoa_MA";"38_01";"Solibacteraceae";"25_01";1
"143";"bact_sapro";"bacterivore";"eats";"Cercozoa_MA";"38_01";"Micropepsaceae";"10393148";1
"144";"bact_sapro";"bacterivore";"eats";"Cercozoa_MA";"38_01";"Microscillaceae";"10240690";1
"145";"bact_sapro";"bacterivore";"eats";"Cercozoa_MA";"38_01";"Pyrinomonadaceae";"9346095";1
"146";"bact_sapro";"bacterivore";"eats";"Cercozoa_MA";"38_01";"Moraxellaceae";"9537";1
"147";"bact_sapro";"bacterivore";"eats";"Cercozoa_MA";"38_01";"Sphingomonadaceae";"8926";1
"148";"bact_sapro";"bacterivore";"eats";"Cercozoa_MA";"38_01";"Mycobacteriaceae";"8084";1
"149";"bact_sapro";"bacterivore";"eats";"Cercozoa_MA";"38_01";"Streptomycetaceae";"8091";1
"150";"bact_sapro";"bacterivore";"eats";"Cercozoa_MA";"38_01";"Nitrosomonadaceae";"5441";1
"151";"bact_sapro";"bacterivore";"eats";"Cercozoa_MA";"38_01";"Nitrososphaeraceae";"9331787";1
"152";"bact_sapro";"bacterivore";"eats";"Cercozoa_MA";"38_01";"Nitrosotaleaceae";"2_01";1
"153";"bact_sapro";"bacterivore";"eats";"Cercozoa_MA";"38_01";"Nitrospiraceae";"4722";1
"154";"bact_sapro";"bacterivore";"eats";"Cercozoa_MA";"38_01";"Nocardioidaceae";"8087";1
"155";"bact_sapro";"bacterivore";"eats";"Cercozoa_MA";"38_01";"Schlesneriaceae";"8245257";1
"156";"bact_sapro";"bacterivore";"eats";"Cercozoa_MA";"38_01";"Polyangiaceae";"4876";1
"157";"bact_sapro";"bacterivore";"eats";"Cercozoa_MA";"38_01";"Solirubrobacteraceae";"4893819";1
"158";"bact_sapro";"bacterivore";"eats";"Cercozoa_MA";"38_01";"Gimesiaceae";"1218_01";1
"159";"bact_sapro";"bacterivore";"eats";"Cercozoa_MA";"38_01";"OPS17";"3_05";1
"160";"bact_sapro";"bacterivore";"eats";"Cercozoa_MA";"38_01";"Xanthobacteraceae";"4891652";1
"161";"bact_sapro";"bacterivore";"eats";"Cercozoa_MA";"38_01";"Xiphinematobacteraceae";"9546";1
"162";"bact_sapro";"bacterivore";"eats";"Cercozoa_MA";"38_01";"Pirellulaceae";"306_01";1
"163";"bact_sapro";"bacterivore";"eats";"Cercozoa_MA";"38_01";"Rhodomicrobiaceae";"1221";1
"164";"bact_sapro";"bacterivore";"eats";"Cercozoa_MA";"38_01";"P3OB-42";"3_06";1
"165";"bact_sapro";"bacterivore";"eats";"Cercozoa_MA";"38_01";"Rickettsiaceae";"4647";1
"166";"bact_sapro";"bacterivore";"eats";"Cercozoa_MA";"38_01";"Thermoactinomycetaceae";"7792";1
"167";"bact_sapro";"bacterivore";"eats";"Cercozoa_MA";"38_01";"Planococcaceae";"4707";1
"168";"bact_sapro";"bacterivore";"eats";"Cercozoa_MA";"38_01";"Thermomonosporaceae";"3845";1
"169";"bact_sapro";"bacterivore";"eats";"Cercozoa_MA";"38_01";"Reyranellaceae";"197_03";1
"170";"bact_sapro";"bacterivore";"eats";"Cercozoa_MA";"38_01";"Sphingobacteriaceae";"8103";1
"171";"bact_sapro";"bacterivore";"eats";"Cercozoa_MA";"38_01";"Spirosomaceae";"4893582";1
"172";"bact_sapro";"bacterivore";"eats";"Cercozoa_MA";"38_01";"Thermoanaerobaculaceae";"25_02";1
"173";"bact_sapro";"micro_omnivore";"eats";"Cercomonadidae";"2164";"Acetobacteraceae";"4728";1
"174";"bact_sapro";"micro_omnivore";"eats";"Cercomonadidae";"2164";"Acidothermaceae";"8071";1
"175";"bact_sapro";"micro_omnivore";"eats";"Cercomonadidae";"2164";"Actinospicaceae";"4902454";1
"176";"bact_sapro";"micro_omnivore";"eats";"Cercomonadidae";"2164";"Acidimicrobiaceae";"3848";1
"177";"bact_sapro";"micro_omnivore";"eats";"Cercomonadidae";"2164";"Acidobacteriaceae";"3811";1
"178";"bact_sapro";"micro_omnivore";"eats";"Cercomonadidae";"2164";"JG30-KF-CM45";"3_04";1
"179";"bact_sapro";"micro_omnivore";"eats";"Cercomonadidae";"2164";"Aquaspirillaceae";"362_01";1
"180";"bact_sapro";"micro_omnivore";"eats";"Cercomonadidae";"2164";"Ktedonobacteraceae";"4899883";1
"181";"bact_sapro";"micro_omnivore";"eats";"Cercomonadidae";"2164";"Archangiaceae";"4306455";1
"182";"bact_sapro";"micro_omnivore";"eats";"Cercomonadidae";"2164";"0319-6G20";"3_01";1
"183";"bact_sapro";"micro_omnivore";"eats";"Cercomonadidae";"2164";"67-14";"3_02";1
"184";"bact_sapro";"micro_omnivore";"eats";"Cercomonadidae";"2164";"Beijerinckiaceae";"7813";1
"185";"bact_sapro";"micro_omnivore";"eats";"Cercomonadidae";"2164";"Burkholderiaceae";"5438";1
"186";"bact_sapro";"micro_omnivore";"eats";"Cercomonadidae";"2164";"Catenulisporaceae";"3830";1
"187";"bact_sapro";"micro_omnivore";"eats";"Cercomonadidae";"2164";"Caulobacteraceae";"4723";1
"188";"bact_sapro";"micro_omnivore";"eats";"Cercomonadidae";"2164";"Micromonosporaceae";"3838";1
"189";"bact_sapro";"micro_omnivore";"eats";"Cercomonadidae";"2164";"Isosphaeraceae";"9596100";1
"190";"bact_sapro";"micro_omnivore";"eats";"Cercomonadidae";"2164";"Alicyclobacillaceae";"4704";1
"191";"bact_sapro";"micro_omnivore";"eats";"Cercomonadidae";"2164";"Mitochondria";"3_09";1
"192";"bact_sapro";"micro_omnivore";"eats";"Cercomonadidae";"2164";"Chitinophagaceae";"4903787";1
"193";"bact_sapro";"micro_omnivore";"eats";"Cercomonadidae";"2164";"Chthoniobacteraceae";"9890342";1
"194";"bact_sapro";"micro_omnivore";"eats";"Cercomonadidae";"2164";"Chthonomonadaceae";"7481228";1
"195";"bact_sapro";"micro_omnivore";"eats";"Cercomonadidae";"2164";"Babeliaceae";"3_08";1
"196";"bact_sapro";"micro_omnivore";"eats";"Cercomonadidae";"2164";"Bacillaceae";"8113";1
"197";"bact_sapro";"micro_omnivore";"eats";"Cercomonadidae";"2164";"Cyclobacteriaceae";"4903801";1
"198";"bact_sapro";"micro_omnivore";"eats";"Cercomonadidae";"2164";"Cytophagaceae";"3237749";1
"199";"bact_sapro";"micro_omnivore";"eats";"Cercomonadidae";"2164";"Devosiaceae";"1221_01";1
"200";"bact_sapro";"micro_omnivore";"eats";"Cercomonadidae";"2164";"Diplorickettsiaceae";"362_02";1
"201";"bact_sapro";"micro_omnivore";"eats";"Cercomonadidae";"2164";"Nostocaceae";"2884";1
"202";"bact_sapro";"micro_omnivore";"eats";"Cercomonadidae";"2164";"Entotheonellaceae";"338_01";1
"203";"bact_sapro";"micro_omnivore";"eats";"Cercomonadidae";"2164";"Oligoflexaceae";"9497819";1
"204";"bact_sapro";"micro_omnivore";"eats";"Cercomonadidae";"2164";"Opitutaceae";"5613";1
"205";"bact_sapro";"micro_omnivore";"eats";"Cercomonadidae";"2164";"Gemmataceae";"9852813";1
"206";"bact_sapro";"micro_omnivore";"eats";"Cercomonadidae";"2164";"Gemmatimonadaceae";"4721";1
"207";"bact_sapro";"micro_omnivore";"eats";"Cercomonadidae";"2164";"Geodermatophilaceae";"3833";1
"208";"bact_sapro";"micro_omnivore";"eats";"Cercomonadidae";"2164";"Neisseriaceae";"5440";1
"209";"bact_sapro";"micro_omnivore";"eats";"Cercomonadidae";"2164";"Paenibacillaceae";"4706";1
"210";"bact_sapro";"micro_omnivore";"eats";"Cercomonadidae";"2164";"Paracaedibacteraceae";"197_02";1
"211";"bact_sapro";"micro_omnivore";"eats";"Cercomonadidae";"2164";"Haliangiaceae";"8942";1
"212";"bact_sapro";"micro_omnivore";"eats";"Cercomonadidae";"2164";"Heliobacteriaceae";"4714";1
"213";"bact_sapro";"micro_omnivore";"eats";"Cercomonadidae";"2164";"Hyphomicrobiaceae";"7815";1
"214";"bact_sapro";"micro_omnivore";"eats";"Cercomonadidae";"2164";"Inquilinaceae";"197_01";1
"215";"bact_sapro";"micro_omnivore";"eats";"Cercomonadidae";"2164";"Intrasporangiaceae";"3834";1
"216";"bact_sapro";"micro_omnivore";"eats";"Cercomonadidae";"2164";"Pseudonocardiaceae";"3841";1
"217";"bact_sapro";"micro_omnivore";"eats";"Cercomonadidae";"2164";"JG30-KF-AS9";"3_03";1
"218";"bact_sapro";"micro_omnivore";"eats";"Cercomonadidae";"2164";"Vermiphilaceae";"3_10";1
"219";"bact_sapro";"micro_omnivore";"eats";"Cercomonadidae";"2164";"Koribacteraceae";"1197_01";1
"220";"bact_sapro";"micro_omnivore";"eats";"Cercomonadidae";"2164";"Rhizobiaceae";"7818";1
"221";"bact_sapro";"micro_omnivore";"eats";"Cercomonadidae";"2164";"Rhodanobacteraceae";"9585732";1
"222";"bact_sapro";"micro_omnivore";"eats";"Cercomonadidae";"2164";"Legionellaceae";"5155";1
"223";"bact_sapro";"micro_omnivore";"eats";"Cercomonadidae";"2164";"Rhodospirillaceae";"4730";1
"224";"bact_sapro";"micro_omnivore";"eats";"Cercomonadidae";"2164";"Magnetospirillaceae";"1223_01";1
"225";"bact_sapro";"micro_omnivore";"eats";"Cercomonadidae";"2164";"Microbacteriaceae";"3837";1
"226";"bact_sapro";"micro_omnivore";"eats";"Cercomonadidae";"2164";"SC-I-84";"3_07";1
"227";"bact_sapro";"micro_omnivore";"eats";"Cercomonadidae";"2164";"Micrococcaceae";"3836";1
"228";"bact_sapro";"micro_omnivore";"eats";"Cercomonadidae";"2164";"Solibacteraceae";"25_01";1
"229";"bact_sapro";"micro_omnivore";"eats";"Cercomonadidae";"2164";"Micropepsaceae";"10393148";1
"230";"bact_sapro";"micro_omnivore";"eats";"Cercomonadidae";"2164";"Microscillaceae";"10240690";1
"231";"bact_sapro";"micro_omnivore";"eats";"Cercomonadidae";"2164";"Pyrinomonadaceae";"9346095";1
"232";"bact_sapro";"micro_omnivore";"eats";"Cercomonadidae";"2164";"Moraxellaceae";"9537";1
"233";"bact_sapro";"micro_omnivore";"eats";"Cercomonadidae";"2164";"Sphingomonadaceae";"8926";1
"234";"bact_sapro";"micro_omnivore";"eats";"Cercomonadidae";"2164";"Mycobacteriaceae";"8084";1
"235";"bact_sapro";"micro_omnivore";"eats";"Cercomonadidae";"2164";"Streptomycetaceae";"8091";1
"236";"bact_sapro";"micro_omnivore";"eats";"Cercomonadidae";"2164";"Nitrosomonadaceae";"5441";1
"237";"bact_sapro";"micro_omnivore";"eats";"Cercomonadidae";"2164";"Nitrososphaeraceae";"9331787";1
"238";"bact_sapro";"micro_omnivore";"eats";"Cercomonadidae";"2164";"Nitrosotaleaceae";"2_01";1
"239";"bact_sapro";"micro_omnivore";"eats";"Cercomonadidae";"2164";"Nitrospiraceae";"4722";1
"240";"bact_sapro";"micro_omnivore";"eats";"Cercomonadidae";"2164";"Nocardioidaceae";"8087";1
"241";"bact_sapro";"micro_omnivore";"eats";"Cercomonadidae";"2164";"Schlesneriaceae";"8245257";1
"242";"bact_sapro";"micro_omnivore";"eats";"Cercomonadidae";"2164";"Polyangiaceae";"4876";1
"243";"bact_sapro";"micro_omnivore";"eats";"Cercomonadidae";"2164";"Solirubrobacteraceae";"4893819";1
"244";"bact_sapro";"micro_omnivore";"eats";"Cercomonadidae";"2164";"Gimesiaceae";"1218_01";1
"245";"bact_sapro";"micro_omnivore";"eats";"Cercomonadidae";"2164";"OPS17";"3_05";1
"246";"bact_sapro";"micro_omnivore";"eats";"Cercomonadidae";"2164";"Xanthobacteraceae";"4891652";1
"247";"bact_sapro";"micro_omnivore";"eats";"Cercomonadidae";"2164";"Xiphinematobacteraceae";"9546";1
"248";"bact_sapro";"micro_omnivore";"eats";"Cercomonadidae";"2164";"Pirellulaceae";"306_01";1
"249";"bact_sapro";"micro_omnivore";"eats";"Cercomonadidae";"2164";"Rhodomicrobiaceae";"1221";1
"250";"bact_sapro";"micro_omnivore";"eats";"Cercomonadidae";"2164";"P3OB-42";"3_06";1
"251";"bact_sapro";"micro_omnivore";"eats";"Cercomonadidae";"2164";"Rickettsiaceae";"4647";1
"252";"bact_sapro";"micro_omnivore";"eats";"Cercomonadidae";"2164";"Thermoactinomycetaceae";"7792";1
"253";"bact_sapro";"micro_omnivore";"eats";"Cercomonadidae";"2164";"Planococcaceae";"4707";1
"254";"bact_sapro";"micro_omnivore";"eats";"Cercomonadidae";"2164";"Thermomonosporaceae";"3845";1
"255";"bact_sapro";"micro_omnivore";"eats";"Cercomonadidae";"2164";"Reyranellaceae";"197_03";1
"256";"bact_sapro";"micro_omnivore";"eats";"Cercomonadidae";"2164";"Sphingobacteriaceae";"8103";1
"257";"bact_sapro";"micro_omnivore";"eats";"Cercomonadidae";"2164";"Spirosomaceae";"4893582";1
"258";"bact_sapro";"micro_omnivore";"eats";"Cercomonadidae";"2164";"Thermoanaerobaculaceae";"25_02";1
"259";"bact_sapro";"micro_omnivore";"eats";"Thecofilosea";"9720891";"Acetobacteraceae";"4728";1
"260";"bact_sapro";"micro_omnivore";"eats";"Thecofilosea";"9720891";"Acidothermaceae";"8071";1
"261";"bact_sapro";"micro_omnivore";"eats";"Thecofilosea";"9720891";"Actinospicaceae";"4902454";1
"262";"bact_sapro";"micro_omnivore";"eats";"Thecofilosea";"9720891";"Acidimicrobiaceae";"3848";1
"263";"bact_sapro";"micro_omnivore";"eats";"Thecofilosea";"9720891";"Acidobacteriaceae";"3811";1
"264";"bact_sapro";"micro_omnivore";"eats";"Thecofilosea";"9720891";"JG30-KF-CM45";"3_04";1
"265";"bact_sapro";"micro_omnivore";"eats";"Thecofilosea";"9720891";"Aquaspirillaceae";"362_01";1
"266";"bact_sapro";"micro_omnivore";"eats";"Thecofilosea";"9720891";"Ktedonobacteraceae";"4899883";1
"267";"bact_sapro";"micro_omnivore";"eats";"Thecofilosea";"9720891";"Archangiaceae";"4306455";1
"268";"bact_sapro";"micro_omnivore";"eats";"Thecofilosea";"9720891";"0319-6G20";"3_01";1
"269";"bact_sapro";"micro_omnivore";"eats";"Thecofilosea";"9720891";"67-14";"3_02";1
"270";"bact_sapro";"micro_omnivore";"eats";"Thecofilosea";"9720891";"Beijerinckiaceae";"7813";1
"271";"bact_sapro";"micro_omnivore";"eats";"Thecofilosea";"9720891";"Burkholderiaceae";"5438";1
"272";"bact_sapro";"micro_omnivore";"eats";"Thecofilosea";"9720891";"Catenulisporaceae";"3830";1
"273";"bact_sapro";"micro_omnivore";"eats";"Thecofilosea";"9720891";"Caulobacteraceae";"4723";1
"274";"bact_sapro";"micro_omnivore";"eats";"Thecofilosea";"9720891";"Micromonosporaceae";"3838";1
"275";"bact_sapro";"micro_omnivore";"eats";"Thecofilosea";"9720891";"Isosphaeraceae";"9596100";1
"276";"bact_sapro";"micro_omnivore";"eats";"Thecofilosea";"9720891";"Alicyclobacillaceae";"4704";1
"277";"bact_sapro";"micro_omnivore";"eats";"Thecofilosea";"9720891";"Mitochondria";"3_09";1
"278";"bact_sapro";"micro_omnivore";"eats";"Thecofilosea";"9720891";"Chitinophagaceae";"4903787";1
"279";"bact_sapro";"micro_omnivore";"eats";"Thecofilosea";"9720891";"Chthoniobacteraceae";"9890342";1
"280";"bact_sapro";"micro_omnivore";"eats";"Thecofilosea";"9720891";"Chthonomonadaceae";"7481228";1
"281";"bact_sapro";"micro_omnivore";"eats";"Thecofilosea";"9720891";"Babeliaceae";"3_08";1
"282";"bact_sapro";"micro_omnivore";"eats";"Thecofilosea";"9720891";"Bacillaceae";"8113";1
"283";"bact_sapro";"micro_omnivore";"eats";"Thecofilosea";"9720891";"Cyclobacteriaceae";"4903801";1
"284";"bact_sapro";"micro_omnivore";"eats";"Thecofilosea";"9720891";"Cytophagaceae";"3237749";1
"285";"bact_sapro";"micro_omnivore";"eats";"Thecofilosea";"9720891";"Devosiaceae";"1221_01";1
"286";"bact_sapro";"micro_omnivore";"eats";"Thecofilosea";"9720891";"Diplorickettsiaceae";"362_02";1
"287";"bact_sapro";"micro_omnivore";"eats";"Thecofilosea";"9720891";"Nostocaceae";"2884";1
"288";"bact_sapro";"micro_omnivore";"eats";"Thecofilosea";"9720891";"Entotheonellaceae";"338_01";1
"289";"bact_sapro";"micro_omnivore";"eats";"Thecofilosea";"9720891";"Oligoflexaceae";"9497819";1
"290";"bact_sapro";"micro_omnivore";"eats";"Thecofilosea";"9720891";"Opitutaceae";"5613";1
"291";"bact_sapro";"micro_omnivore";"eats";"Thecofilosea";"9720891";"Gemmataceae";"9852813";1
"292";"bact_sapro";"micro_omnivore";"eats";"Thecofilosea";"9720891";"Gemmatimonadaceae";"4721";1
"293";"bact_sapro";"micro_omnivore";"eats";"Thecofilosea";"9720891";"Geodermatophilaceae";"3833";1
"294";"bact_sapro";"micro_omnivore";"eats";"Thecofilosea";"9720891";"Neisseriaceae";"5440";1
"295";"bact_sapro";"micro_omnivore";"eats";"Thecofilosea";"9720891";"Paenibacillaceae";"4706";1
"296";"bact_sapro";"micro_omnivore";"eats";"Thecofilosea";"9720891";"Paracaedibacteraceae";"197_02";1
"297";"bact_sapro";"micro_omnivore";"eats";"Thecofilosea";"9720891";"Haliangiaceae";"8942";1
"298";"bact_sapro";"micro_omnivore";"eats";"Thecofilosea";"9720891";"Heliobacteriaceae";"4714";1
"299";"bact_sapro";"micro_omnivore";"eats";"Thecofilosea";"9720891";"Hyphomicrobiaceae";"7815";1
"300";"bact_sapro";"micro_omnivore";"eats";"Thecofilosea";"9720891";"Inquilinaceae";"197_01";1
"301";"bact_sapro";"micro_omnivore";"eats";"Thecofilosea";"9720891";"Intrasporangiaceae";"3834";1
"302";"bact_sapro";"micro_omnivore";"eats";"Thecofilosea";"9720891";"Pseudonocardiaceae";"3841";1
"303";"bact_sapro";"micro_omnivore";"eats";"Thecofilosea";"9720891";"JG30-KF-AS9";"3_03";1
"304";"bact_sapro";"micro_omnivore";"eats";"Thecofilosea";"9720891";"Vermiphilaceae";"3_10";1
"305";"bact_sapro";"micro_omnivore";"eats";"Thecofilosea";"9720891";"Koribacteraceae";"1197_01";1
"306";"bact_sapro";"micro_omnivore";"eats";"Thecofilosea";"9720891";"Rhizobiaceae";"7818";1
"307";"bact_sapro";"micro_omnivore";"eats";"Thecofilosea";"9720891";"Rhodanobacteraceae";"9585732";1
"308";"bact_sapro";"micro_omnivore";"eats";"Thecofilosea";"9720891";"Legionellaceae";"5155";1
"309";"bact_sapro";"micro_omnivore";"eats";"Thecofilosea";"9720891";"Rhodospirillaceae";"4730";1
"310";"bact_sapro";"micro_omnivore";"eats";"Thecofilosea";"9720891";"Magnetospirillaceae";"1223_01";1
"311";"bact_sapro";"micro_omnivore";"eats";"Thecofilosea";"9720891";"Microbacteriaceae";"3837";1
"312";"bact_sapro";"micro_omnivore";"eats";"Thecofilosea";"9720891";"SC-I-84";"3_07";1
"313";"bact_sapro";"micro_omnivore";"eats";"Thecofilosea";"9720891";"Micrococcaceae";"3836";1
"314";"bact_sapro";"micro_omnivore";"eats";"Thecofilosea";"9720891";"Solibacteraceae";"25_01";1
"315";"bact_sapro";"micro_omnivore";"eats";"Thecofilosea";"9720891";"Micropepsaceae";"10393148";1
"316";"bact_sapro";"micro_omnivore";"eats";"Thecofilosea";"9720891";"Microscillaceae";"10240690";1
"317";"bact_sapro";"micro_omnivore";"eats";"Thecofilosea";"9720891";"Pyrinomonadaceae";"9346095";1
"318";"bact_sapro";"micro_omnivore";"eats";"Thecofilosea";"9720891";"Moraxellaceae";"9537";1
"319";"bact_sapro";"micro_omnivore";"eats";"Thecofilosea";"9720891";"Sphingomonadaceae";"8926";1
"320";"bact_sapro";"micro_omnivore";"eats";"Thecofilosea";"9720891";"Mycobacteriaceae";"8084";1
"321";"bact_sapro";"micro_omnivore";"eats";"Thecofilosea";"9720891";"Streptomycetaceae";"8091";1
"322";"bact_sapro";"micro_omnivore";"eats";"Thecofilosea";"9720891";"Nitrosomonadaceae";"5441";1
"323";"bact_sapro";"micro_omnivore";"eats";"Thecofilosea";"9720891";"Nitrososphaeraceae";"9331787";1
"324";"bact_sapro";"micro_omnivore";"eats";"Thecofilosea";"9720891";"Nitrosotaleaceae";"2_01";1
"325";"bact_sapro";"micro_omnivore";"eats";"Thecofilosea";"9720891";"Nitrospiraceae";"4722";1
"326";"bact_sapro";"micro_omnivore";"eats";"Thecofilosea";"9720891";"Nocardioidaceae";"8087";1
"327";"bact_sapro";"micro_omnivore";"eats";"Thecofilosea";"9720891";"Schlesneriaceae";"8245257";1
"328";"bact_sapro";"micro_omnivore";"eats";"Thecofilosea";"9720891";"Polyangiaceae";"4876";1
"329";"bact_sapro";"micro_omnivore";"eats";"Thecofilosea";"9720891";"Solirubrobacteraceae";"4893819";1
"330";"bact_sapro";"micro_omnivore";"eats";"Thecofilosea";"9720891";"Gimesiaceae";"1218_01";1
"331";"bact_sapro";"micro_omnivore";"eats";"Thecofilosea";"9720891";"OPS17";"3_05";1
"332";"bact_sapro";"micro_omnivore";"eats";"Thecofilosea";"9720891";"Xanthobacteraceae";"4891652";1
"333";"bact_sapro";"micro_omnivore";"eats";"Thecofilosea";"9720891";"Xiphinematobacteraceae";"9546";1
"334";"bact_sapro";"micro_omnivore";"eats";"Thecofilosea";"9720891";"Pirellulaceae";"306_01";1
"335";"bact_sapro";"micro_omnivore";"eats";"Thecofilosea";"9720891";"Rhodomicrobiaceae";"1221";1
"336";"bact_sapro";"micro_omnivore";"eats";"Thecofilosea";"9720891";"P3OB-42";"3_06";1
"337";"bact_sapro";"micro_omnivore";"eats";"Thecofilosea";"9720891";"Rickettsiaceae";"4647";1
"338";"bact_sapro";"micro_omnivore";"eats";"Thecofilosea";"9720891";"Thermoactinomycetaceae";"7792";1
"339";"bact_sapro";"micro_omnivore";"eats";"Thecofilosea";"9720891";"Planococcaceae";"4707";1
"340";"bact_sapro";"micro_omnivore";"eats";"Thecofilosea";"9720891";"Thermomonosporaceae";"3845";1
"341";"bact_sapro";"micro_omnivore";"eats";"Thecofilosea";"9720891";"Reyranellaceae";"197_03";1
"342";"bact_sapro";"micro_omnivore";"eats";"Thecofilosea";"9720891";"Sphingobacteriaceae";"8103";1
"343";"bact_sapro";"micro_omnivore";"eats";"Thecofilosea";"9720891";"Spirosomaceae";"4893582";1
"344";"bact_sapro";"micro_omnivore";"eats";"Thecofilosea";"9720891";"Thermoanaerobaculaceae";"25_02";1
"345";"bact_sapro";"bacterivore";"eats";"Cercozoa_UC";"38_02";"Acetobacteraceae";"4728";1
"346";"bact_sapro";"bacterivore";"eats";"Cercozoa_UC";"38_02";"Acidothermaceae";"8071";1
"347";"bact_sapro";"bacterivore";"eats";"Cercozoa_UC";"38_02";"Actinospicaceae";"4902454";1
"348";"bact_sapro";"bacterivore";"eats";"Cercozoa_UC";"38_02";"Acidimicrobiaceae";"3848";1
"349";"bact_sapro";"bacterivore";"eats";"Cercozoa_UC";"38_02";"Acidobacteriaceae";"3811";1
"350";"bact_sapro";"bacterivore";"eats";"Cercozoa_UC";"38_02";"JG30-KF-CM45";"3_04";1
"351";"bact_sapro";"bacterivore";"eats";"Cercozoa_UC";"38_02";"Aquaspirillaceae";"362_01";1
"352";"bact_sapro";"bacterivore";"eats";"Cercozoa_UC";"38_02";"Ktedonobacteraceae";"4899883";1
"353";"bact_sapro";"bacterivore";"eats";"Cercozoa_UC";"38_02";"Archangiaceae";"4306455";1
"354";"bact_sapro";"bacterivore";"eats";"Cercozoa_UC";"38_02";"0319-6G20";"3_01";1
"355";"bact_sapro";"bacterivore";"eats";"Cercozoa_UC";"38_02";"67-14";"3_02";1
"356";"bact_sapro";"bacterivore";"eats";"Cercozoa_UC";"38_02";"Beijerinckiaceae";"7813";1
"357";"bact_sapro";"bacterivore";"eats";"Cercozoa_UC";"38_02";"Burkholderiaceae";"5438";1
"358";"bact_sapro";"bacterivore";"eats";"Cercozoa_UC";"38_02";"Catenulisporaceae";"3830";1
"359";"bact_sapro";"bacterivore";"eats";"Cercozoa_UC";"38_02";"Caulobacteraceae";"4723";1
"360";"bact_sapro";"bacterivore";"eats";"Cercozoa_UC";"38_02";"Micromonosporaceae";"3838";1
"361";"bact_sapro";"bacterivore";"eats";"Cercozoa_UC";"38_02";"Isosphaeraceae";"9596100";1
"362";"bact_sapro";"bacterivore";"eats";"Cercozoa_UC";"38_02";"Alicyclobacillaceae";"4704";1
"363";"bact_sapro";"bacterivore";"eats";"Cercozoa_UC";"38_02";"Mitochondria";"3_09";1
"364";"bact_sapro";"bacterivore";"eats";"Cercozoa_UC";"38_02";"Chitinophagaceae";"4903787";1
"365";"bact_sapro";"bacterivore";"eats";"Cercozoa_UC";"38_02";"Chthoniobacteraceae";"9890342";1
"366";"bact_sapro";"bacterivore";"eats";"Cercozoa_UC";"38_02";"Chthonomonadaceae";"7481228";1
"367";"bact_sapro";"bacterivore";"eats";"Cercozoa_UC";"38_02";"Babeliaceae";"3_08";1
"368";"bact_sapro";"bacterivore";"eats";"Cercozoa_UC";"38_02";"Bacillaceae";"8113";1
"369";"bact_sapro";"bacterivore";"eats";"Cercozoa_UC";"38_02";"Cyclobacteriaceae";"4903801";1
"370";"bact_sapro";"bacterivore";"eats";"Cercozoa_UC";"38_02";"Cytophagaceae";"3237749";1
"371";"bact_sapro";"bacterivore";"eats";"Cercozoa_UC";"38_02";"Devosiaceae";"1221_01";1
"372";"bact_sapro";"bacterivore";"eats";"Cercozoa_UC";"38_02";"Diplorickettsiaceae";"362_02";1
"373";"bact_sapro";"bacterivore";"eats";"Cercozoa_UC";"38_02";"Nostocaceae";"2884";1
"374";"bact_sapro";"bacterivore";"eats";"Cercozoa_UC";"38_02";"Entotheonellaceae";"338_01";1
"375";"bact_sapro";"bacterivore";"eats";"Cercozoa_UC";"38_02";"Oligoflexaceae";"9497819";1
"376";"bact_sapro";"bacterivore";"eats";"Cercozoa_UC";"38_02";"Opitutaceae";"5613";1
"377";"bact_sapro";"bacterivore";"eats";"Cercozoa_UC";"38_02";"Gemmataceae";"9852813";1
"378";"bact_sapro";"bacterivore";"eats";"Cercozoa_UC";"38_02";"Gemmatimonadaceae";"4721";1
"379";"bact_sapro";"bacterivore";"eats";"Cercozoa_UC";"38_02";"Geodermatophilaceae";"3833";1
"380";"bact_sapro";"bacterivore";"eats";"Cercozoa_UC";"38_02";"Neisseriaceae";"5440";1
"381";"bact_sapro";"bacterivore";"eats";"Cercozoa_UC";"38_02";"Paenibacillaceae";"4706";1
"382";"bact_sapro";"bacterivore";"eats";"Cercozoa_UC";"38_02";"Paracaedibacteraceae";"197_02";1
"383";"bact_sapro";"bacterivore";"eats";"Cercozoa_UC";"38_02";"Haliangiaceae";"8942";1
"384";"bact_sapro";"bacterivore";"eats";"Cercozoa_UC";"38_02";"Heliobacteriaceae";"4714";1
"385";"bact_sapro";"bacterivore";"eats";"Cercozoa_UC";"38_02";"Hyphomicrobiaceae";"7815";1
"386";"bact_sapro";"bacterivore";"eats";"Cercozoa_UC";"38_02";"Inquilinaceae";"197_01";1
"387";"bact_sapro";"bacterivore";"eats";"Cercozoa_UC";"38_02";"Intrasporangiaceae";"3834";1
"388";"bact_sapro";"bacterivore";"eats";"Cercozoa_UC";"38_02";"Pseudonocardiaceae";"3841";1
"389";"bact_sapro";"bacterivore";"eats";"Cercozoa_UC";"38_02";"JG30-KF-AS9";"3_03";1
"390";"bact_sapro";"bacterivore";"eats";"Cercozoa_UC";"38_02";"Vermiphilaceae";"3_10";1
"391";"bact_sapro";"bacterivore";"eats";"Cercozoa_UC";"38_02";"Koribacteraceae";"1197_01";1
"392";"bact_sapro";"bacterivore";"eats";"Cercozoa_UC";"38_02";"Rhizobiaceae";"7818";1
"393";"bact_sapro";"bacterivore";"eats";"Cercozoa_UC";"38_02";"Rhodanobacteraceae";"9585732";1
"394";"bact_sapro";"bacterivore";"eats";"Cercozoa_UC";"38_02";"Legionellaceae";"5155";1
"395";"bact_sapro";"bacterivore";"eats";"Cercozoa_UC";"38_02";"Rhodospirillaceae";"4730";1
"396";"bact_sapro";"bacterivore";"eats";"Cercozoa_UC";"38_02";"Magnetospirillaceae";"1223_01";1
"397";"bact_sapro";"bacterivore";"eats";"Cercozoa_UC";"38_02";"Microbacteriaceae";"3837";1
"398";"bact_sapro";"bacterivore";"eats";"Cercozoa_UC";"38_02";"SC-I-84";"3_07";1
"399";"bact_sapro";"bacterivore";"eats";"Cercozoa_UC";"38_02";"Micrococcaceae";"3836";1
"400";"bact_sapro";"bacterivore";"eats";"Cercozoa_UC";"38_02";"Solibacteraceae";"25_01";1
"401";"bact_sapro";"bacterivore";"eats";"Cercozoa_UC";"38_02";"Micropepsaceae";"10393148";1
"402";"bact_sapro";"bacterivore";"eats";"Cercozoa_UC";"38_02";"Microscillaceae";"10240690";1
"403";"bact_sapro";"bacterivore";"eats";"Cercozoa_UC";"38_02";"Pyrinomonadaceae";"9346095";1
"404";"bact_sapro";"bacterivore";"eats";"Cercozoa_UC";"38_02";"Moraxellaceae";"9537";1
"405";"bact_sapro";"bacterivore";"eats";"Cercozoa_UC";"38_02";"Sphingomonadaceae";"8926";1
"406";"bact_sapro";"bacterivore";"eats";"Cercozoa_UC";"38_02";"Mycobacteriaceae";"8084";1
"407";"bact_sapro";"bacterivore";"eats";"Cercozoa_UC";"38_02";"Streptomycetaceae";"8091";1
"408";"bact_sapro";"bacterivore";"eats";"Cercozoa_UC";"38_02";"Nitrosomonadaceae";"5441";1
"409";"bact_sapro";"bacterivore";"eats";"Cercozoa_UC";"38_02";"Nitrososphaeraceae";"9331787";1
"410";"bact_sapro";"bacterivore";"eats";"Cercozoa_UC";"38_02";"Nitrosotaleaceae";"2_01";1
"411";"bact_sapro";"bacterivore";"eats";"Cercozoa_UC";"38_02";"Nitrospiraceae";"4722";1
"412";"bact_sapro";"bacterivore";"eats";"Cercozoa_UC";"38_02";"Nocardioidaceae";"8087";1
"413";"bact_sapro";"bacterivore";"eats";"Cercozoa_UC";"38_02";"Schlesneriaceae";"8245257";1
"414";"bact_sapro";"bacterivore";"eats";"Cercozoa_UC";"38_02";"Polyangiaceae";"4876";1
"415";"bact_sapro";"bacterivore";"eats";"Cercozoa_UC";"38_02";"Solirubrobacteraceae";"4893819";1
"416";"bact_sapro";"bacterivore";"eats";"Cercozoa_UC";"38_02";"Gimesiaceae";"1218_01";1
"417";"bact_sapro";"bacterivore";"eats";"Cercozoa_UC";"38_02";"OPS17";"3_05";1
"418";"bact_sapro";"bacterivore";"eats";"Cercozoa_UC";"38_02";"Xanthobacteraceae";"4891652";1
"419";"bact_sapro";"bacterivore";"eats";"Cercozoa_UC";"38_02";"Xiphinematobacteraceae";"9546";1
"420";"bact_sapro";"bacterivore";"eats";"Cercozoa_UC";"38_02";"Pirellulaceae";"306_01";1
"421";"bact_sapro";"bacterivore";"eats";"Cercozoa_UC";"38_02";"Rhodomicrobiaceae";"1221";1
"422";"bact_sapro";"bacterivore";"eats";"Cercozoa_UC";"38_02";"P3OB-42";"3_06";1
"423";"bact_sapro";"bacterivore";"eats";"Cercozoa_UC";"38_02";"Rickettsiaceae";"4647";1
"424";"bact_sapro";"bacterivore";"eats";"Cercozoa_UC";"38_02";"Thermoactinomycetaceae";"7792";1
"425";"bact_sapro";"bacterivore";"eats";"Cercozoa_UC";"38_02";"Planococcaceae";"4707";1
"426";"bact_sapro";"bacterivore";"eats";"Cercozoa_UC";"38_02";"Thermomonosporaceae";"3845";1
"427";"bact_sapro";"bacterivore";"eats";"Cercozoa_UC";"38_02";"Reyranellaceae";"197_03";1
"428";"bact_sapro";"bacterivore";"eats";"Cercozoa_UC";"38_02";"Sphingobacteriaceae";"8103";1
"429";"bact_sapro";"bacterivore";"eats";"Cercozoa_UC";"38_02";"Spirosomaceae";"4893582";1
"430";"bact_sapro";"bacterivore";"eats";"Cercozoa_UC";"38_02";"Thermoanaerobaculaceae";"25_02";1
"431";"bact_sapro";"nema_bact";"eats";"Cephalobidae";"2560";"Acetobacteraceae";"4728";1
"432";"bact_sapro";"nema_bact";"eats";"Cephalobidae";"2560";"Acidothermaceae";"8071";1
"433";"bact_sapro";"nema_bact";"eats";"Cephalobidae";"2560";"Actinospicaceae";"4902454";1
"434";"bact_sapro";"nema_bact";"eats";"Cephalobidae";"2560";"Acidimicrobiaceae";"3848";1
"435";"bact_sapro";"nema_bact";"eats";"Cephalobidae";"2560";"Acidobacteriaceae";"3811";1
"436";"bact_sapro";"nema_bact";"eats";"Cephalobidae";"2560";"JG30-KF-CM45";"3_04";1
"437";"bact_sapro";"nema_bact";"eats";"Cephalobidae";"2560";"Aquaspirillaceae";"362_01";1
"438";"bact_sapro";"nema_bact";"eats";"Cephalobidae";"2560";"Ktedonobacteraceae";"4899883";1
"439";"bact_sapro";"nema_bact";"eats";"Cephalobidae";"2560";"Archangiaceae";"4306455";1
"440";"bact_sapro";"nema_bact";"eats";"Cephalobidae";"2560";"0319-6G20";"3_01";1
"441";"bact_sapro";"nema_bact";"eats";"Cephalobidae";"2560";"67-14";"3_02";1
"442";"bact_sapro";"nema_bact";"eats";"Cephalobidae";"2560";"Beijerinckiaceae";"7813";1
"443";"bact_sapro";"nema_bact";"eats";"Cephalobidae";"2560";"Burkholderiaceae";"5438";1
"444";"bact_sapro";"nema_bact";"eats";"Cephalobidae";"2560";"Catenulisporaceae";"3830";1
"445";"bact_sapro";"nema_bact";"eats";"Cephalobidae";"2560";"Caulobacteraceae";"4723";1
"446";"bact_sapro";"nema_bact";"eats";"Cephalobidae";"2560";"Micromonosporaceae";"3838";1
"447";"bact_sapro";"nema_bact";"eats";"Cephalobidae";"2560";"Isosphaeraceae";"9596100";1
"448";"bact_sapro";"nema_bact";"eats";"Cephalobidae";"2560";"Alicyclobacillaceae";"4704";1
"449";"bact_sapro";"nema_bact";"eats";"Cephalobidae";"2560";"Mitochondria";"3_09";1
"450";"bact_sapro";"nema_bact";"eats";"Cephalobidae";"2560";"Chitinophagaceae";"4903787";1
"451";"bact_sapro";"nema_bact";"eats";"Cephalobidae";"2560";"Chthoniobacteraceae";"9890342";1
"452";"bact_sapro";"nema_bact";"eats";"Cephalobidae";"2560";"Chthonomonadaceae";"7481228";1
"453";"bact_sapro";"nema_bact";"eats";"Cephalobidae";"2560";"Babeliaceae";"3_08";1
"454";"bact_sapro";"nema_bact";"eats";"Cephalobidae";"2560";"Bacillaceae";"8113";1
"455";"bact_sapro";"nema_bact";"eats";"Cephalobidae";"2560";"Cyclobacteriaceae";"4903801";1
"456";"bact_sapro";"nema_bact";"eats";"Cephalobidae";"2560";"Cytophagaceae";"3237749";1
"457";"bact_sapro";"nema_bact";"eats";"Cephalobidae";"2560";"Devosiaceae";"1221_01";1
"458";"bact_sapro";"nema_bact";"eats";"Cephalobidae";"2560";"Diplorickettsiaceae";"362_02";1
"459";"bact_sapro";"nema_bact";"eats";"Cephalobidae";"2560";"Nostocaceae";"2884";1
"460";"bact_sapro";"nema_bact";"eats";"Cephalobidae";"2560";"Entotheonellaceae";"338_01";1
"461";"bact_sapro";"nema_bact";"eats";"Cephalobidae";"2560";"Oligoflexaceae";"9497819";1
"462";"bact_sapro";"nema_bact";"eats";"Cephalobidae";"2560";"Opitutaceae";"5613";1
"463";"bact_sapro";"nema_bact";"eats";"Cephalobidae";"2560";"Gemmataceae";"9852813";1
"464";"bact_sapro";"nema_bact";"eats";"Cephalobidae";"2560";"Gemmatimonadaceae";"4721";1
"465";"bact_sapro";"nema_bact";"eats";"Cephalobidae";"2560";"Geodermatophilaceae";"3833";1
"466";"bact_sapro";"nema_bact";"eats";"Cephalobidae";"2560";"Neisseriaceae";"5440";1
"467";"bact_sapro";"nema_bact";"eats";"Cephalobidae";"2560";"Paenibacillaceae";"4706";1
"468";"bact_sapro";"nema_bact";"eats";"Cephalobidae";"2560";"Paracaedibacteraceae";"197_02";1
"469";"bact_sapro";"nema_bact";"eats";"Cephalobidae";"2560";"Haliangiaceae";"8942";1
"470";"bact_sapro";"nema_bact";"eats";"Cephalobidae";"2560";"Heliobacteriaceae";"4714";1
"471";"bact_sapro";"nema_bact";"eats";"Cephalobidae";"2560";"Hyphomicrobiaceae";"7815";1
"472";"bact_sapro";"nema_bact";"eats";"Cephalobidae";"2560";"Inquilinaceae";"197_01";1
"473";"bact_sapro";"nema_bact";"eats";"Cephalobidae";"2560";"Intrasporangiaceae";"3834";1
"474";"bact_sapro";"nema_bact";"eats";"Cephalobidae";"2560";"Pseudonocardiaceae";"3841";1
"475";"bact_sapro";"nema_bact";"eats";"Cephalobidae";"2560";"JG30-KF-AS9";"3_03";1
"476";"bact_sapro";"nema_bact";"eats";"Cephalobidae";"2560";"Vermiphilaceae";"3_10";1
"477";"bact_sapro";"nema_bact";"eats";"Cephalobidae";"2560";"Koribacteraceae";"1197_01";1
"478";"bact_sapro";"nema_bact";"eats";"Cephalobidae";"2560";"Rhizobiaceae";"7818";1
"479";"bact_sapro";"nema_bact";"eats";"Cephalobidae";"2560";"Rhodanobacteraceae";"9585732";1
"480";"bact_sapro";"nema_bact";"eats";"Cephalobidae";"2560";"Legionellaceae";"5155";1
"481";"bact_sapro";"nema_bact";"eats";"Cephalobidae";"2560";"Rhodospirillaceae";"4730";1
"482";"bact_sapro";"nema_bact";"eats";"Cephalobidae";"2560";"Magnetospirillaceae";"1223_01";1
"483";"bact_sapro";"nema_bact";"eats";"Cephalobidae";"2560";"Microbacteriaceae";"3837";1
"484";"bact_sapro";"nema_bact";"eats";"Cephalobidae";"2560";"SC-I-84";"3_07";1
"485";"bact_sapro";"nema_bact";"eats";"Cephalobidae";"2560";"Micrococcaceae";"3836";1
"486";"bact_sapro";"nema_bact";"eats";"Cephalobidae";"2560";"Solibacteraceae";"25_01";1
"487";"bact_sapro";"nema_bact";"eats";"Cephalobidae";"2560";"Micropepsaceae";"10393148";1
"488";"bact_sapro";"nema_bact";"eats";"Cephalobidae";"2560";"Microscillaceae";"10240690";1
"489";"bact_sapro";"nema_bact";"eats";"Cephalobidae";"2560";"Pyrinomonadaceae";"9346095";1
"490";"bact_sapro";"nema_bact";"eats";"Cephalobidae";"2560";"Moraxellaceae";"9537";1
"491";"bact_sapro";"nema_bact";"eats";"Cephalobidae";"2560";"Sphingomonadaceae";"8926";1
"492";"bact_sapro";"nema_bact";"eats";"Cephalobidae";"2560";"Mycobacteriaceae";"8084";1
"493";"bact_sapro";"nema_bact";"eats";"Cephalobidae";"2560";"Streptomycetaceae";"8091";1
"494";"bact_sapro";"nema_bact";"eats";"Cephalobidae";"2560";"Nitrosomonadaceae";"5441";1
"495";"bact_sapro";"nema_bact";"eats";"Cephalobidae";"2560";"Nitrososphaeraceae";"9331787";1
"496";"bact_sapro";"nema_bact";"eats";"Cephalobidae";"2560";"Nitrosotaleaceae";"2_01";1
"497";"bact_sapro";"nema_bact";"eats";"Cephalobidae";"2560";"Nitrospiraceae";"4722";1
"498";"bact_sapro";"nema_bact";"eats";"Cephalobidae";"2560";"Nocardioidaceae";"8087";1
"499";"bact_sapro";"nema_bact";"eats";"Cephalobidae";"2560";"Schlesneriaceae";"8245257";1
"500";"bact_sapro";"nema_bact";"eats";"Cephalobidae";"2560";"Polyangiaceae";"4876";1
"501";"bact_sapro";"nema_bact";"eats";"Cephalobidae";"2560";"Solirubrobacteraceae";"4893819";1
"502";"bact_sapro";"nema_bact";"eats";"Cephalobidae";"2560";"Gimesiaceae";"1218_01";1
"503";"bact_sapro";"nema_bact";"eats";"Cephalobidae";"2560";"OPS17";"3_05";1
"504";"bact_sapro";"nema_bact";"eats";"Cephalobidae";"2560";"Xanthobacteraceae";"4891652";1
"505";"bact_sapro";"nema_bact";"eats";"Cephalobidae";"2560";"Xiphinematobacteraceae";"9546";1
"506";"bact_sapro";"nema_bact";"eats";"Cephalobidae";"2560";"Pirellulaceae";"306_01";1
"507";"bact_sapro";"nema_bact";"eats";"Cephalobidae";"2560";"Rhodomicrobiaceae";"1221";1
"508";"bact_sapro";"nema_bact";"eats";"Cephalobidae";"2560";"P3OB-42";"3_06";1
"509";"bact_sapro";"nema_bact";"eats";"Cephalobidae";"2560";"Rickettsiaceae";"4647";1
"510";"bact_sapro";"nema_bact";"eats";"Cephalobidae";"2560";"Thermoactinomycetaceae";"7792";1
"511";"bact_sapro";"nema_bact";"eats";"Cephalobidae";"2560";"Planococcaceae";"4707";1
"512";"bact_sapro";"nema_bact";"eats";"Cephalobidae";"2560";"Thermomonosporaceae";"3845";1
"513";"bact_sapro";"nema_bact";"eats";"Cephalobidae";"2560";"Reyranellaceae";"197_03";1
"514";"bact_sapro";"nema_bact";"eats";"Cephalobidae";"2560";"Sphingobacteriaceae";"8103";1
"515";"bact_sapro";"nema_bact";"eats";"Cephalobidae";"2560";"Spirosomaceae";"4893582";1
"516";"bact_sapro";"nema_bact";"eats";"Cephalobidae";"2560";"Thermoanaerobaculaceae";"25_02";1
"517";"bact_sapro";"bacterivore";"eats";"Nucleariidae";"2329";"Acetobacteraceae";"4728";1
"518";"bact_sapro";"bacterivore";"eats";"Nucleariidae";"2329";"Acidothermaceae";"8071";1
"519";"bact_sapro";"bacterivore";"eats";"Nucleariidae";"2329";"Actinospicaceae";"4902454";1
"520";"bact_sapro";"bacterivore";"eats";"Nucleariidae";"2329";"Acidimicrobiaceae";"3848";1
"521";"bact_sapro";"bacterivore";"eats";"Nucleariidae";"2329";"Acidobacteriaceae";"3811";1
"522";"bact_sapro";"bacterivore";"eats";"Nucleariidae";"2329";"JG30-KF-CM45";"3_04";1
"523";"bact_sapro";"bacterivore";"eats";"Nucleariidae";"2329";"Aquaspirillaceae";"362_01";1
"524";"bact_sapro";"bacterivore";"eats";"Nucleariidae";"2329";"Ktedonobacteraceae";"4899883";1
"525";"bact_sapro";"bacterivore";"eats";"Nucleariidae";"2329";"Archangiaceae";"4306455";1
"526";"bact_sapro";"bacterivore";"eats";"Nucleariidae";"2329";"0319-6G20";"3_01";1
"527";"bact_sapro";"bacterivore";"eats";"Nucleariidae";"2329";"67-14";"3_02";1
"528";"bact_sapro";"bacterivore";"eats";"Nucleariidae";"2329";"Beijerinckiaceae";"7813";1
"529";"bact_sapro";"bacterivore";"eats";"Nucleariidae";"2329";"Burkholderiaceae";"5438";1
"530";"bact_sapro";"bacterivore";"eats";"Nucleariidae";"2329";"Catenulisporaceae";"3830";1
"531";"bact_sapro";"bacterivore";"eats";"Nucleariidae";"2329";"Caulobacteraceae";"4723";1
"532";"bact_sapro";"bacterivore";"eats";"Nucleariidae";"2329";"Micromonosporaceae";"3838";1
"533";"bact_sapro";"bacterivore";"eats";"Nucleariidae";"2329";"Isosphaeraceae";"9596100";1
"534";"bact_sapro";"bacterivore";"eats";"Nucleariidae";"2329";"Alicyclobacillaceae";"4704";1
"535";"bact_sapro";"bacterivore";"eats";"Nucleariidae";"2329";"Mitochondria";"3_09";1
"536";"bact_sapro";"bacterivore";"eats";"Nucleariidae";"2329";"Chitinophagaceae";"4903787";1
"537";"bact_sapro";"bacterivore";"eats";"Nucleariidae";"2329";"Chthoniobacteraceae";"9890342";1
"538";"bact_sapro";"bacterivore";"eats";"Nucleariidae";"2329";"Chthonomonadaceae";"7481228";1
"539";"bact_sapro";"bacterivore";"eats";"Nucleariidae";"2329";"Babeliaceae";"3_08";1
"540";"bact_sapro";"bacterivore";"eats";"Nucleariidae";"2329";"Bacillaceae";"8113";1
"541";"bact_sapro";"bacterivore";"eats";"Nucleariidae";"2329";"Cyclobacteriaceae";"4903801";1
"542";"bact_sapro";"bacterivore";"eats";"Nucleariidae";"2329";"Cytophagaceae";"3237749";1
"543";"bact_sapro";"bacterivore";"eats";"Nucleariidae";"2329";"Devosiaceae";"1221_01";1
"544";"bact_sapro";"bacterivore";"eats";"Nucleariidae";"2329";"Diplorickettsiaceae";"362_02";1
"545";"bact_sapro";"bacterivore";"eats";"Nucleariidae";"2329";"Nostocaceae";"2884";1
"546";"bact_sapro";"bacterivore";"eats";"Nucleariidae";"2329";"Entotheonellaceae";"338_01";1
"547";"bact_sapro";"bacterivore";"eats";"Nucleariidae";"2329";"Oligoflexaceae";"9497819";1
"548";"bact_sapro";"bacterivore";"eats";"Nucleariidae";"2329";"Opitutaceae";"5613";1
"549";"bact_sapro";"bacterivore";"eats";"Nucleariidae";"2329";"Gemmataceae";"9852813";1
"550";"bact_sapro";"bacterivore";"eats";"Nucleariidae";"2329";"Gemmatimonadaceae";"4721";1
"551";"bact_sapro";"bacterivore";"eats";"Nucleariidae";"2329";"Geodermatophilaceae";"3833";1
"552";"bact_sapro";"bacterivore";"eats";"Nucleariidae";"2329";"Neisseriaceae";"5440";1
"553";"bact_sapro";"bacterivore";"eats";"Nucleariidae";"2329";"Paenibacillaceae";"4706";1
"554";"bact_sapro";"bacterivore";"eats";"Nucleariidae";"2329";"Paracaedibacteraceae";"197_02";1
"555";"bact_sapro";"bacterivore";"eats";"Nucleariidae";"2329";"Haliangiaceae";"8942";1
"556";"bact_sapro";"bacterivore";"eats";"Nucleariidae";"2329";"Heliobacteriaceae";"4714";1
"557";"bact_sapro";"bacterivore";"eats";"Nucleariidae";"2329";"Hyphomicrobiaceae";"7815";1
"558";"bact_sapro";"bacterivore";"eats";"Nucleariidae";"2329";"Inquilinaceae";"197_01";1
"559";"bact_sapro";"bacterivore";"eats";"Nucleariidae";"2329";"Intrasporangiaceae";"3834";1
"560";"bact_sapro";"bacterivore";"eats";"Nucleariidae";"2329";"Pseudonocardiaceae";"3841";1
"561";"bact_sapro";"bacterivore";"eats";"Nucleariidae";"2329";"JG30-KF-AS9";"3_03";1
"562";"bact_sapro";"bacterivore";"eats";"Nucleariidae";"2329";"Vermiphilaceae";"3_10";1
"563";"bact_sapro";"bacterivore";"eats";"Nucleariidae";"2329";"Koribacteraceae";"1197_01";1
"564";"bact_sapro";"bacterivore";"eats";"Nucleariidae";"2329";"Rhizobiaceae";"7818";1
"565";"bact_sapro";"bacterivore";"eats";"Nucleariidae";"2329";"Rhodanobacteraceae";"9585732";1
"566";"bact_sapro";"bacterivore";"eats";"Nucleariidae";"2329";"Legionellaceae";"5155";1
"567";"bact_sapro";"bacterivore";"eats";"Nucleariidae";"2329";"Rhodospirillaceae";"4730";1
"568";"bact_sapro";"bacterivore";"eats";"Nucleariidae";"2329";"Magnetospirillaceae";"1223_01";1
"569";"bact_sapro";"bacterivore";"eats";"Nucleariidae";"2329";"Microbacteriaceae";"3837";1
"570";"bact_sapro";"bacterivore";"eats";"Nucleariidae";"2329";"SC-I-84";"3_07";1
"571";"bact_sapro";"bacterivore";"eats";"Nucleariidae";"2329";"Micrococcaceae";"3836";1
"572";"bact_sapro";"bacterivore";"eats";"Nucleariidae";"2329";"Solibacteraceae";"25_01";1
"573";"bact_sapro";"bacterivore";"eats";"Nucleariidae";"2329";"Micropepsaceae";"10393148";1
"574";"bact_sapro";"bacterivore";"eats";"Nucleariidae";"2329";"Microscillaceae";"10240690";1
"575";"bact_sapro";"bacterivore";"eats";"Nucleariidae";"2329";"Pyrinomonadaceae";"9346095";1
"576";"bact_sapro";"bacterivore";"eats";"Nucleariidae";"2329";"Moraxellaceae";"9537";1
"577";"bact_sapro";"bacterivore";"eats";"Nucleariidae";"2329";"Sphingomonadaceae";"8926";1
"578";"bact_sapro";"bacterivore";"eats";"Nucleariidae";"2329";"Mycobacteriaceae";"8084";1
"579";"bact_sapro";"bacterivore";"eats";"Nucleariidae";"2329";"Streptomycetaceae";"8091";1
"580";"bact_sapro";"bacterivore";"eats";"Nucleariidae";"2329";"Nitrosomonadaceae";"5441";1
"581";"bact_sapro";"bacterivore";"eats";"Nucleariidae";"2329";"Nitrososphaeraceae";"9331787";1
"582";"bact_sapro";"bacterivore";"eats";"Nucleariidae";"2329";"Nitrosotaleaceae";"2_01";1
"583";"bact_sapro";"bacterivore";"eats";"Nucleariidae";"2329";"Nitrospiraceae";"4722";1
"584";"bact_sapro";"bacterivore";"eats";"Nucleariidae";"2329";"Nocardioidaceae";"8087";1
"585";"bact_sapro";"bacterivore";"eats";"Nucleariidae";"2329";"Schlesneriaceae";"8245257";1
"586";"bact_sapro";"bacterivore";"eats";"Nucleariidae";"2329";"Polyangiaceae";"4876";1
"587";"bact_sapro";"bacterivore";"eats";"Nucleariidae";"2329";"Solirubrobacteraceae";"4893819";1
"588";"bact_sapro";"bacterivore";"eats";"Nucleariidae";"2329";"Gimesiaceae";"1218_01";1
"589";"bact_sapro";"bacterivore";"eats";"Nucleariidae";"2329";"OPS17";"3_05";1
"590";"bact_sapro";"bacterivore";"eats";"Nucleariidae";"2329";"Xanthobacteraceae";"4891652";1
"591";"bact_sapro";"bacterivore";"eats";"Nucleariidae";"2329";"Xiphinematobacteraceae";"9546";1
"592";"bact_sapro";"bacterivore";"eats";"Nucleariidae";"2329";"Pirellulaceae";"306_01";1
"593";"bact_sapro";"bacterivore";"eats";"Nucleariidae";"2329";"Rhodomicrobiaceae";"1221";1
"594";"bact_sapro";"bacterivore";"eats";"Nucleariidae";"2329";"P3OB-42";"3_06";1
"595";"bact_sapro";"bacterivore";"eats";"Nucleariidae";"2329";"Rickettsiaceae";"4647";1
"596";"bact_sapro";"bacterivore";"eats";"Nucleariidae";"2329";"Thermoactinomycetaceae";"7792";1
"597";"bact_sapro";"bacterivore";"eats";"Nucleariidae";"2329";"Planococcaceae";"4707";1
"598";"bact_sapro";"bacterivore";"eats";"Nucleariidae";"2329";"Thermomonosporaceae";"3845";1
"599";"bact_sapro";"bacterivore";"eats";"Nucleariidae";"2329";"Reyranellaceae";"197_03";1
"600";"bact_sapro";"bacterivore";"eats";"Nucleariidae";"2329";"Sphingobacteriaceae";"8103";1
"601";"bact_sapro";"bacterivore";"eats";"Nucleariidae";"2329";"Spirosomaceae";"4893582";1
"602";"bact_sapro";"bacterivore";"eats";"Nucleariidae";"2329";"Thermoanaerobaculaceae";"25_02";1
"603";"bacterivore";"micro_omnivore";"eats";"Cercomonadidae";"2164";"Nucleariidae";"2329";1
"604";"bacterivore";"micro_omnivore";"eats";"Cercomonadidae";"2164";"Cercozoa_MA";"38_01";1
"605";"bacterivore";"micro_omnivore";"eats";"Cercomonadidae";"2164";"Cercozoa_UC";"38_02";1
"606";"bacterivore";"micro_omnivore";"eats";"Cercomonadidae";"2164";"Glissomonadida";"9774063";1
"607";"bacterivore";"micro_omnivore";"eats";"Thecofilosea";"9720891";"Nucleariidae";"2329";1
"608";"bacterivore";"micro_omnivore";"eats";"Thecofilosea";"9720891";"Cercozoa_MA";"38_01";1
"609";"bacterivore";"micro_omnivore";"eats";"Thecofilosea";"9720891";"Cercozoa_UC";"38_02";1
"610";"bacterivore";"micro_omnivore";"eats";"Thecofilosea";"9720891";"Glissomonadida";"9774063";1
"611";"CO2";"fungi_plant_symbiont";"eats";"Glomeromycetes";"156";"CO2";"R_02";1
"612";"CO2";"fungi_plant_symbiont";"eats";"Lecanoromycetes";"180";"CO2";"R_02";1
"613";"CO2";"fungi_plant_symbiont";"eats";"Tremellomycetes";"149";"CO2";"R_02";1
"614";"fungi_nema_para";"fungivore";"eats";"Aphelenchoididae";"2566";"Orbiliomycetes";"181";1
"615";"fungi_plant_para";"fungi_fungi_para";"eats";"Zoopagomycota_UC";"5_01";"Tremellomycetes";"149";1
"616";"fungi_plant_para";"fungi_fungi_para";"eats";"Zoopagomycota_UC";"5_01";"Ustilaginomycetes";"148";1
"617";"fungi_plant_para";"fungivore";"eats";"Aphelenchoididae";"2566";"Tremellomycetes";"149";1
"618";"fungi_plant_para";"fungivore";"eats";"Aphelenchoididae";"2566";"Ustilaginomycetes";"148";1
"619";"fungi_plant_symbiont";"fungivore";"eats";"Aphelenchoididae";"2566";"Glomeromycetes";"156";1
"620";"fungi_plant_symbiont";"fungivore";"eats";"Aphelenchoididae";"2566";"Lecanoromycetes";"180";1
"621";"fungi_plant_symbiont";"fungivore";"eats";"Aphelenchoididae";"2566";"Tremellomycetes";"149";1
"622";"fungi_plant_symbiont";"fungi_fungi_para";"eats";"Zoopagomycota_UC";"5_01";"Glomeromycetes";"156";1
"623";"fungi_plant_symbiont";"fungi_fungi_para";"eats";"Zoopagomycota_UC";"5_01";"Lecanoromycetes";"180";1
"624";"fungi_plant_symbiont";"fungi_fungi_para";"eats";"Zoopagomycota_UC";"5_01";"Tremellomycetes";"149";1
"625";"fungi_sapro";"fungivore";"eats";"Aphelenchoididae";"2566";"Leotiomycetes";"179";1
"626";"fungi_sapro";"fungivore";"eats";"Aphelenchoididae";"2566";"Tremellomycetes";"149";1
"627";"fungi_sapro";"fungivore";"eats";"Aphelenchoididae";"2566";"Sordariomycetes";"320";1
"628";"fungi_sapro";"fungivore";"eats";"Aphelenchoididae";"2566";"Dothideomycetes";"183";1
"629";"fungi_sapro";"fungivore";"eats";"Aphelenchoididae";"2566";"Zoopagomycota_UC";"5_01";1
"630";"fungi_sapro";"fungivore";"eats";"Aphelenchoididae";"2566";"Eurotiomycetes";"178";1
"631";"fungi_sapro";"fungivore";"eats";"Aphelenchoididae";"2566";"Agaricomycetes";"186";1
"632";"fungi_sapro";"fungivore";"eats";"Aphelenchoididae";"2566";"Geminibasidiomycetes";"9725454";1
"633";"fungi_sapro";"fungivore";"eats";"Aphelenchoididae";"2566";"Archaeorhizomycetes";"7701815";1
"634";"fungi_sapro";"fungivore";"eats";"Aphelenchoididae";"2566";"Mucoromycota";"749_01";1
"635";"fungi_sapro";"fungivore";"eats";"Aphelenchoididae";"2566";"Orbiliomycetes";"181";1
"636";"fungi_sapro";"fungivore";"eats";"Aphelenchoididae";"2566";"Chytridiomycetes";"318";1
"637";"fungi_sapro";"fungivore";"eats";"Aphelenchoididae";"2566";"Pezizomycetes";"316";1
"638";"fungi_sapro";"fungivore";"eats";"Aphelenchoididae";"2566";"Wallemiomycetes";"269";1
"639";"fungi_sapro";"micro_omnivore";"eats";"Cercomonadidae";"2164";"Leotiomycetes";"179";1
"640";"fungi_sapro";"micro_omnivore";"eats";"Cercomonadidae";"2164";"Tremellomycetes";"149";1
"641";"fungi_sapro";"micro_omnivore";"eats";"Cercomonadidae";"2164";"Sordariomycetes";"320";1
"642";"fungi_sapro";"micro_omnivore";"eats";"Cercomonadidae";"2164";"Dothideomycetes";"183";1
"643";"fungi_sapro";"micro_omnivore";"eats";"Cercomonadidae";"2164";"Zoopagomycota_UC";"5_01";1
"644";"fungi_sapro";"micro_omnivore";"eats";"Cercomonadidae";"2164";"Eurotiomycetes";"178";1
"645";"fungi_sapro";"micro_omnivore";"eats";"Cercomonadidae";"2164";"Agaricomycetes";"186";1
"646";"fungi_sapro";"micro_omnivore";"eats";"Cercomonadidae";"2164";"Geminibasidiomycetes";"9725454";1
"647";"fungi_sapro";"micro_omnivore";"eats";"Cercomonadidae";"2164";"Archaeorhizomycetes";"7701815";1
"648";"fungi_sapro";"micro_omnivore";"eats";"Cercomonadidae";"2164";"Mucoromycota";"749_01";1
"649";"fungi_sapro";"micro_omnivore";"eats";"Cercomonadidae";"2164";"Orbiliomycetes";"181";1
"650";"fungi_sapro";"micro_omnivore";"eats";"Cercomonadidae";"2164";"Chytridiomycetes";"318";1
"651";"fungi_sapro";"micro_omnivore";"eats";"Cercomonadidae";"2164";"Pezizomycetes";"316";1
"652";"fungi_sapro";"micro_omnivore";"eats";"Cercomonadidae";"2164";"Wallemiomycetes";"269";1
"653";"fungi_sapro";"fungi_fungi_para";"eats";"Zoopagomycota_UC";"5_01";"Leotiomycetes";"179";1
"654";"fungi_sapro";"fungi_fungi_para";"eats";"Zoopagomycota_UC";"5_01";"Tremellomycetes";"149";1
"655";"fungi_sapro";"fungi_fungi_para";"eats";"Zoopagomycota_UC";"5_01";"Sordariomycetes";"320";1
"656";"fungi_sapro";"fungi_fungi_para";"eats";"Zoopagomycota_UC";"5_01";"Dothideomycetes";"183";1
"657";"fungi_sapro";"fungi_fungi_para";"eats";"Zoopagomycota_UC";"5_01";"Zoopagomycota_UC";"5_01";1
"658";"fungi_sapro";"fungi_fungi_para";"eats";"Zoopagomycota_UC";"5_01";"Eurotiomycetes";"178";1
"659";"fungi_sapro";"fungi_fungi_para";"eats";"Zoopagomycota_UC";"5_01";"Agaricomycetes";"186";1
"660";"fungi_sapro";"fungi_fungi_para";"eats";"Zoopagomycota_UC";"5_01";"Geminibasidiomycetes";"9725454";1
"661";"fungi_sapro";"fungi_fungi_para";"eats";"Zoopagomycota_UC";"5_01";"Archaeorhizomycetes";"7701815";1
"662";"fungi_sapro";"fungi_fungi_para";"eats";"Zoopagomycota_UC";"5_01";"Mucoromycota";"749_01";1
"663";"fungi_sapro";"fungi_fungi_para";"eats";"Zoopagomycota_UC";"5_01";"Orbiliomycetes";"181";1
"664";"fungi_sapro";"fungi_fungi_para";"eats";"Zoopagomycota_UC";"5_01";"Chytridiomycetes";"318";1
"665";"fungi_sapro";"fungi_fungi_para";"eats";"Zoopagomycota_UC";"5_01";"Pezizomycetes";"316";1
"666";"fungi_sapro";"fungi_fungi_para";"eats";"Zoopagomycota_UC";"5_01";"Wallemiomycetes";"269";1
"667";"fungi_sapro";"micro_omnivore";"eats";"Thecofilosea";"9720891";"Leotiomycetes";"179";1
"668";"fungi_sapro";"micro_omnivore";"eats";"Thecofilosea";"9720891";"Tremellomycetes";"149";1
"669";"fungi_sapro";"micro_omnivore";"eats";"Thecofilosea";"9720891";"Sordariomycetes";"320";1
"670";"fungi_sapro";"micro_omnivore";"eats";"Thecofilosea";"9720891";"Dothideomycetes";"183";1
"671";"fungi_sapro";"micro_omnivore";"eats";"Thecofilosea";"9720891";"Zoopagomycota_UC";"5_01";1
"672";"fungi_sapro";"micro_omnivore";"eats";"Thecofilosea";"9720891";"Eurotiomycetes";"178";1
"673";"fungi_sapro";"micro_omnivore";"eats";"Thecofilosea";"9720891";"Agaricomycetes";"186";1
"674";"fungi_sapro";"micro_omnivore";"eats";"Thecofilosea";"9720891";"Geminibasidiomycetes";"9725454";1
"675";"fungi_sapro";"micro_omnivore";"eats";"Thecofilosea";"9720891";"Archaeorhizomycetes";"7701815";1
"676";"fungi_sapro";"micro_omnivore";"eats";"Thecofilosea";"9720891";"Mucoromycota";"749_01";1
"677";"fungi_sapro";"micro_omnivore";"eats";"Thecofilosea";"9720891";"Orbiliomycetes";"181";1
"678";"fungi_sapro";"micro_omnivore";"eats";"Thecofilosea";"9720891";"Chytridiomycetes";"318";1
"679";"fungi_sapro";"micro_omnivore";"eats";"Thecofilosea";"9720891";"Pezizomycetes";"316";1
"680";"fungi_sapro";"micro_omnivore";"eats";"Thecofilosea";"9720891";"Wallemiomycetes";"269";1
"681";"fungivore";"fungi_nema_para";"eats";"Orbiliomycetes";"181";"Aphelenchoididae";"2566";1
"682";"fungivore";"omnivore";"eats";"Qusdinematidae";"5984";"Aphelenchoididae";"2566";1
"683";"nema_bact";"fungi_nema_para";"eats";"Orbiliomycetes";"181";"Cephalobidae";"2560";1
"684";"nema_bact";"omnivore";"eats";"Qusdinematidae";"5984";"Cephalobidae";"2560";1
"685";"omnivore";"fungi_nema_para";"eats";"Orbiliomycetes";"181";"Qusdinematidae";"5984";1
"686";"plant";"fungi_plant_para";"eats";"Ustilaginomycetes";"148";"plant";"R_03";1
"687";"plant";"fungi_plant_para";"eats";"Tremellomycetes";"149";"plant";"R_03";1
"688";"SOM";"bact_sapro";"eats";"Acetobacteraceae";"4728";"SOM";"R_01";1
"689";"SOM";"bact_sapro";"eats";"Acidimicrobiaceae";"3848";"SOM";"R_01";1
"690";"SOM";"bact_sapro";"eats";"0319-6G20";"3_01";"SOM";"R_01";1
"691";"SOM";"bact_sapro";"eats";"Actinospicaceae";"4902454";"SOM";"R_01";1
"692";"SOM";"bact_sapro";"eats";"Isosphaeraceae";"9596100";"SOM";"R_01";1
"693";"SOM";"bact_sapro";"eats";"Acidobacteriaceae";"3811";"SOM";"R_01";1
"694";"SOM";"bact_sapro";"eats";"JG30-KF-CM45";"3_04";"SOM";"R_01";1
"695";"SOM";"bact_sapro";"eats";"Aquaspirillaceae";"362_01";"SOM";"R_01";1
"696";"SOM";"bact_sapro";"eats";"Ktedonobacteraceae";"4899883";"SOM";"R_01";1
"697";"SOM";"bact_sapro";"eats";"Archangiaceae";"4306455";"SOM";"R_01";1
"698";"SOM";"bact_sapro";"eats";"Babeliaceae";"3_08";"SOM";"R_01";1
"699";"SOM";"bact_sapro";"eats";"67-14";"3_02";"SOM";"R_01";1
"700";"SOM";"bact_sapro";"eats";"Beijerinckiaceae";"7813";"SOM";"R_01";1
"701";"SOM";"bact_sapro";"eats";"Burkholderiaceae";"5438";"SOM";"R_01";1
"702";"SOM";"bact_sapro";"eats";"Catenulisporaceae";"3830";"SOM";"R_01";1
"703";"SOM";"bact_sapro";"eats";"Caulobacteraceae";"4723";"SOM";"R_01";1
"704";"SOM";"bact_sapro";"eats";"Micromonosporaceae";"3838";"SOM";"R_01";1
"705";"SOM";"bact_sapro";"eats";"Micropepsaceae";"10393148";"SOM";"R_01";1
"706";"SOM";"bact_sapro";"eats";"Alicyclobacillaceae";"4704";"SOM";"R_01";1
"707";"SOM";"bact_sapro";"eats";"Mitochondria";"3_09";"SOM";"R_01";1
"708";"SOM";"bact_sapro";"eats";"Chitinophagaceae";"4903787";"SOM";"R_01";1
"709";"SOM";"bact_sapro";"eats";"Chthoniobacteraceae";"9890342";"SOM";"R_01";1
"710";"SOM";"bact_sapro";"eats";"Chthonomonadaceae";"7481228";"SOM";"R_01";1
"711";"SOM";"bact_sapro";"eats";"Neisseriaceae";"5440";"SOM";"R_01";1
"712";"SOM";"bact_sapro";"eats";"Bacillaceae";"8113";"SOM";"R_01";1
"713";"SOM";"bact_sapro";"eats";"Cyclobacteriaceae";"4903801";"SOM";"R_01";1
"714";"SOM";"bact_sapro";"eats";"Cytophagaceae";"3237749";"SOM";"R_01";1
"715";"SOM";"bact_sapro";"eats";"Devosiaceae";"1221_01";"SOM";"R_01";1
"716";"SOM";"bact_sapro";"eats";"Diplorickettsiaceae";"362_02";"SOM";"R_01";1
"717";"SOM";"bact_sapro";"eats";"Nostocaceae";"2884";"SOM";"R_01";1
"718";"SOM";"bact_sapro";"eats";"Entotheonellaceae";"338_01";"SOM";"R_01";1
"719";"SOM";"bact_sapro";"eats";"Oligoflexaceae";"9497819";"SOM";"R_01";1
"720";"SOM";"bact_sapro";"eats";"Opitutaceae";"5613";"SOM";"R_01";1
"721";"SOM";"bact_sapro";"eats";"Gemmataceae";"9852813";"SOM";"R_01";1
"722";"SOM";"bact_sapro";"eats";"Gemmatimonadaceae";"4721";"SOM";"R_01";1
"723";"SOM";"bact_sapro";"eats";"Geodermatophilaceae";"3833";"SOM";"R_01";1
"724";"SOM";"bact_sapro";"eats";"Gimesiaceae";"1218_01";"SOM";"R_01";1
"725";"SOM";"bact_sapro";"eats";"Paenibacillaceae";"4706";"SOM";"R_01";1
"726";"SOM";"bact_sapro";"eats";"Paracaedibacteraceae";"197_02";"SOM";"R_01";1
"727";"SOM";"bact_sapro";"eats";"Haliangiaceae";"8942";"SOM";"R_01";1
"728";"SOM";"bact_sapro";"eats";"Heliobacteriaceae";"4714";"SOM";"R_01";1
"729";"SOM";"bact_sapro";"eats";"Hyphomicrobiaceae";"7815";"SOM";"R_01";1
"730";"SOM";"bact_sapro";"eats";"Acidothermaceae";"8071";"SOM";"R_01";1
"731";"SOM";"bact_sapro";"eats";"Intrasporangiaceae";"3834";"SOM";"R_01";1
"732";"SOM";"bact_sapro";"eats";"Pseudonocardiaceae";"3841";"SOM";"R_01";1
"733";"SOM";"bact_sapro";"eats";"JG30-KF-AS9";"3_03";"SOM";"R_01";1
"734";"SOM";"bact_sapro";"eats";"Vermiphilaceae";"3_10";"SOM";"R_01";1
"735";"SOM";"bact_sapro";"eats";"Koribacteraceae";"1197_01";"SOM";"R_01";1
"736";"SOM";"bact_sapro";"eats";"Rhizobiaceae";"7818";"SOM";"R_01";1
"737";"SOM";"bact_sapro";"eats";"Rhodanobacteraceae";"9585732";"SOM";"R_01";1
"738";"SOM";"bact_sapro";"eats";"Legionellaceae";"5155";"SOM";"R_01";1
"739";"SOM";"bact_sapro";"eats";"Rhodospirillaceae";"4730";"SOM";"R_01";1
"740";"SOM";"bact_sapro";"eats";"Magnetospirillaceae";"1223_01";"SOM";"R_01";1
"741";"SOM";"bact_sapro";"eats";"Microbacteriaceae";"3837";"SOM";"R_01";1
"742";"SOM";"bact_sapro";"eats";"SC-I-84";"3_07";"SOM";"R_01";1
"743";"SOM";"bact_sapro";"eats";"Micrococcaceae";"3836";"SOM";"R_01";1
"744";"SOM";"bact_sapro";"eats";"Solibacteraceae";"25_01";"SOM";"R_01";1
"745";"SOM";"bact_sapro";"eats";"Solirubrobacteraceae";"4893819";"SOM";"R_01";1
"746";"SOM";"bact_sapro";"eats";"Microscillaceae";"10240690";"SOM";"R_01";1
"747";"SOM";"bact_sapro";"eats";"Pyrinomonadaceae";"9346095";"SOM";"R_01";1
"748";"SOM";"bact_sapro";"eats";"Moraxellaceae";"9537";"SOM";"R_01";1
"749";"SOM";"bact_sapro";"eats";"Sphingomonadaceae";"8926";"SOM";"R_01";1
"750";"SOM";"bact_sapro";"eats";"Mycobacteriaceae";"8084";"SOM";"R_01";1
"751";"SOM";"bact_sapro";"eats";"Streptomycetaceae";"8091";"SOM";"R_01";1
"752";"SOM";"bact_sapro";"eats";"Nitrosomonadaceae";"5441";"SOM";"R_01";1
"753";"SOM";"bact_sapro";"eats";"Nitrososphaeraceae";"9331787";"SOM";"R_01";1
"754";"SOM";"bact_sapro";"eats";"Nitrosotaleaceae";"2_01";"SOM";"R_01";1
"755";"SOM";"bact_sapro";"eats";"Nitrospiraceae";"4722";"SOM";"R_01";1
"756";"SOM";"bact_sapro";"eats";"Nocardioidaceae";"8087";"SOM";"R_01";1
"757";"SOM";"bact_sapro";"eats";"Inquilinaceae";"197_01";"SOM";"R_01";1
"758";"SOM";"bact_sapro";"eats";"Polyangiaceae";"4876";"SOM";"R_01";1
"759";"SOM";"bact_sapro";"eats";"Xiphinematobacteraceae";"9546";"SOM";"R_01";1
"760";"SOM";"bact_sapro";"eats";"P3OB-42";"3_06";"SOM";"R_01";1
"761";"SOM";"bact_sapro";"eats";"OPS17";"3_05";"SOM";"R_01";1
"762";"SOM";"bact_sapro";"eats";"Xanthobacteraceae";"4891652";"SOM";"R_01";1
"763";"SOM";"bact_sapro";"eats";"Rickettsiaceae";"4647";"SOM";"R_01";1
"764";"SOM";"bact_sapro";"eats";"Pirellulaceae";"306_01";"SOM";"R_01";1
"765";"SOM";"bact_sapro";"eats";"Rhodomicrobiaceae";"1221";"SOM";"R_01";1
"766";"SOM";"bact_sapro";"eats";"Schlesneriaceae";"8245257";"SOM";"R_01";1
"767";"SOM";"bact_sapro";"eats";"Reyranellaceae";"197_03";"SOM";"R_01";1
"768";"SOM";"bact_sapro";"eats";"Thermoactinomycetaceae";"7792";"SOM";"R_01";1
"769";"SOM";"bact_sapro";"eats";"Planococcaceae";"4707";"SOM";"R_01";1
"770";"SOM";"bact_sapro";"eats";"Thermomonosporaceae";"3845";"SOM";"R_01";1
"771";"SOM";"bact_sapro";"eats";"Sphingobacteriaceae";"8103";"SOM";"R_01";1
"772";"SOM";"bact_sapro";"eats";"Spirosomaceae";"4893582";"SOM";"R_01";1
"773";"SOM";"bact_sapro";"eats";"Thermoanaerobaculaceae";"25_02";"SOM";"R_01";1
"774";"SOM";"fungi_sapro";"eats";"Pezizomycetes";"316";"SOM";"R_01";1
"775";"SOM";"fungi_sapro";"eats";"Orbiliomycetes";"181";"SOM";"R_01";1
"776";"SOM";"fungi_sapro";"eats";"Eurotiomycetes";"178";"SOM";"R_01";1
"777";"SOM";"fungi_sapro";"eats";"Leotiomycetes";"179";"SOM";"R_01";1
"778";"SOM";"fungi_sapro";"eats";"Tremellomycetes";"149";"SOM";"R_01";1
"779";"SOM";"fungi_sapro";"eats";"Sordariomycetes";"320";"SOM";"R_01";1
"780";"SOM";"yeates_sapro";"eats";"Microbotryomycetes";"150";"SOM";"R_01";1
"781";"SOM";"yeates_sapro";"eats";"Saccharomycetes";"182";"SOM";"R_01";1
"782";"SOM";"fungi_sapro";"eats";"Agaricomycetes";"186";"SOM";"R_01";1
"783";"SOM";"fungi_sapro";"eats";"Mucoromycota";"749_01";"SOM";"R_01";1
"784";"SOM";"fungi_sapro";"eats";"Zoopagomycota_UC";"5_01";"SOM";"R_01";1
"785";"SOM";"fungi_sapro";"eats";"Chytridiomycetes";"318";"SOM";"R_01";1
"786";"SOM";"fungi_sapro";"eats";"Archaeorhizomycetes";"7701815";"SOM";"R_01";1
"787";"SOM";"fungi_sapro";"eats";"Wallemiomycetes";"269";"SOM";"R_01";1
"788";"SOM";"fungi_sapro";"eats";"Dothideomycetes";"183";"SOM";"R_01";1
"789";"SOM";"fungi_sapro";"eats";"Geminibasidiomycetes";"9725454";"SOM";"R_01";1
"790";"yeates_sapro";"micro_omnivore";"eats";"Cercomonadidae";"2164";"Saccharomycetes";"182";1
"791";"yeates_sapro";"micro_omnivore";"eats";"Cercomonadidae";"2164";"Microbotryomycetes";"150";1
"792";"yeates_sapro";"micro_omnivore";"eats";"Thecofilosea";"9720891";"Saccharomycetes";"182";1
"793";"yeates_sapro";"micro_omnivore";"eats";"Thecofilosea";"9720891";"Microbotryomycetes";"150";1
"794";"yeates_sapro";"fungivore";"eats";"Aphelenchoididae";"2566";"Saccharomycetes";"182";1
"795";"yeates_sapro";"fungivore";"eats";"Aphelenchoididae";"2566";"Microbotryomycetes";"150";1
"796";"yeates_sapro";"nema_bact";"eats";"Cephalobidae";"2560";"Saccharomycetes";"182";1
"797";"yeates_sapro";"nema_bact";"eats";"Cephalobidae";"2560";"Microbotryomycetes";"150";1
